z_over_L,feed_pressure_pa,permeate_pressure_pa,feed_flow_kmol_s,permeate_flow_kmol_s,x_N2,y_N2,x_O2,y_O2,x_CO2,y_CO2,x_H2O,y_H2O
0.0025,990066.7957156196,100000.0,0.0005448187856051693,1.7909792876860935e-06,0.9428238279141387,0.804319428643103,0.05717094394611346,0.19564883556434176,5.228139747826277e-06,3.1735792567133336e-05,5.647609725664642e-22,5.387528778526303e-21
0.0075,990102.7267286498,100000.0,0.0005466097648928554,3.5848941216376756e-06,0.9423700151096849,0.8035035320206512,0.05762466989764179,0.1964643658803182,5.314992673283726e-06,3.210209904876014e-05,5.8056288062693675e-22,5.532839954285117e-21
0.0125,990138.7764261115,100000.0,0.000548403679726807,5.381766734026037e-06,0.941913096406972,0.8026848033401036,0.05808149977922436,0.19728272198206878,5.403813803790017e-06,3.2474677818909725e-05,5.972371170486952e-22,5.685890236653011e-21
0.0175,990174.9450171589,100000.0,0.0005502005523391954,7.181619433683476e-06,0.9414530631313973,0.801863248921617,0.05854144221783144,0.19810389742986834,5.494650771097536e-06,3.285364852852396e-05,6.1485311259964475e-22,5.847274593297127e-21
0.0225,990211.2327125492,100000.0,0.0005520004050388528,8.984474605313241e-06,0.9409899067353947,0.8010388752599742,0.05900450571227576,0.1989278856069373,5.587552329617567e-06,3.323913308760156e-05,6.334873759006553e-22,6.017646634073808e-21
0.0275,990247.6397246474,100000.0,0.0005538032602104826,1.0790354708683754e-05,0.9405236188000704,0.8002116890249404,0.05947069863154902,0.19975467971936,5.682568380541729e-06,3.3631255703762055e-05,6.532243606889348e-22,6.1977255650289406e-21
0.0325,990284.1662674317,100000.0,0.0005556091403138531,1.2599282277814803e-05,0.9400541910368381,0.7993816970611746,0.059940029213165553,0.2005842727959127,5.779749996396518e-06,3.403014292130827e-05,6.741574558204869e-22,6.3883040956839024e-21
0.0375,990320.812556498,100000.0,0.0005574180678829841,1.4411279920148999e-05,0.939581615289041,0.7985489063883425,0.060412505561513084,0.20141665768799433,5.879149446036124e-06,3.4435923660824385e-05,6.963901175345217e-22,6.5902574466080075e-21
0.0425,990357.5788090653,100000.0,0.0005592300655253183,1.6226370315711408e-05,0.9391058835335685,0.7977133242011747,0.06088813564621138,0.2022518270695662,5.980820220078862e-06,3.484872925929481e-05,7.200371669243518e-22,6.804553629262312e-21
0.0475,990394.4652439803,100000.0,0.0005610451559208807,1.8044576216258565e-05,0.9386269878824639,0.7968749578694007,0.061366927300479275,0.20308977343709508,6.084817056792376e-06,3.526869351074762e-05,7.452262796318403e-22,7.032265199716832e-21
0.0525,990431.4720817221,100000.0,0.0005628633618214279,1.9865920444414576e-05,0.9381449205845218,0.7960338149377513,0.06184888821950997,0.2039304891095443,6.191195968432837e-06,3.569595270743137e-05,7.720996996389401e-22,7.274582722986315e-21
0.0575,990468.5995444072,100000.0,0.0005646847060495839,2.169042589279498e-05,0.9376596740268764,0.795189903125937,0.06233402595885559,0.2047739662283842,6.300014268043352e-06,3.613064568152556e-05,8.008162148317627e-22,7.532830226513737e-21
0.0625,990505.8478557938,100000.0,0.0005665092114979643,2.3518115523119758e-05,0.9371712407365823,0.7943432303285313,0.06282234793282103,0.20562019675762414,6.411330596716772e-06,3.657291384738545e-05,8.315534389571888e-22,7.808482971100116e-21
0.0675,990543.2172412865,100000.0,0.0005683369011282891,2.5349012365314316e-05,0.9366796133821811,0.7934938046148832,0.06331386141286766,0.20646917248387275,6.5252049513280386e-06,3.7022901244326894e-05,8.645104529198855e-22,8.103187926970424e-21
0.0725,990580.707927941,100000.0,0.0005701677979704836,2.718313951659778e-05,0.93618478477526,0.7926416342289911,0.06380857352602723,0.2073208850164299,6.641698712741263e-06,3.748075457995394e-05,8.999108683732721e-22,8.418787413662387e-21
0.0775,990618.3201444681,100000.0,0.0005720019251217671,2.9020520140561634e-05,0.9356867478719989,0.7917867275893365,0.06430649125332658,0.20817532578739043,6.7608746744966385e-06,3.794662327402796e-05,9.380063886022747e-22,8.757346447451957e-21
0.0825,990656.0541212384,100000.0,0.000573839305745731,3.086117746623493e-05,0.935185495774705,0.7909290932887072,0.06480762142822308,0.20903248605178948,6.882797071982281e-06,3.842065950288593e-05,9.79080956221498e-22,9.121184442053073e-21
0.0875,990693.9100902864,100000.0,0.0005756799630714043,3.2705134787139084e-05,0.934681021733336,0.7900687400939924,0.06531197073505186,0.20989235688776428,7.007531612096093e-06,3.890301824440644e-05,1.0234555947646161e-21,9.512912030959646e-21
0.0925,990731.8882853148,100000.0,0.0005775239203923084,3.4552415460331154e-05,0.9341733191470118,0.7892056769459316,0.06581954570748483,0.21075492919674582,7.135145503402689e-06,3.939385732352706e-05,1.0714940724900737e-21,9.935473927480108e-21
0.0975,990769.9889416983,100000.0,0.0005793712010655005,3.640304290543567e-05,0.9336623815655113,0.7883399129588651,0.0663303527270019,0.21162019370367496,7.265707486790385e-06,3.989333745831539e-05,1.1236095425026816e-21,1.0392198916687967e-20
0.1025,990808.2122964881,100000.0,0.000581221828510605,3.8257040603664836e-05,0.9331482026907583,0.7874714574204441,0.06684439802137497,0.21248814095725044,7.399287866633244e-06,4.040162230659595e-05,1.180272344613693e-21,1.0886858288871032e-20
0.1075,990846.5585884155,100000.0,0.0005830758262088342,4.011443209682875e-05,0.9326307763782923,0.7866003197912947,0.06736168766316529,0.21335876133019321,7.535958542463112e-06,4.091887851313323e-05,1.2420191925006396e-21,1.1423734284847067e-20
0.1125,990885.0280578958,100000.0,0.0005849332177019981,4.197524098633319e-05,0.9321100966387251,0.7857265097046934,0.06788222756823378,0.21423204501954957,7.675793041156534e-06,4.1445275757375526e-05,1.3094640162542291e-21,1.2007700439892187e-20
0.1175,990923.6209470325,100000.0,0.0005867940265915025,4.3839490932167475e-05,0.9315861576391843,0.7848500369661885,0.06840602349426608,0.21510798204701048,7.818866549641424e-06,4.198098680175848e-05,1.3833107872655764e-21,1.2644316097555244e-20
0.1225,990962.3374996202,100000.0,0.0005886582765373368,4.570720565188146e-05,0.9310589537047407,0.7839709115531963,0.0689330810393112,0.21598656225926272,7.965255948128276e-06,4.252618754057137e-05,1.4643687220431242e-21,1.333993783285262e-20
0.1275,991001.177961149,100000.0,0.0005905259912570508,4.757840891955029e-05,0.9305284793198205,0.7830891436145822,0.06946340564033555,0.21686777532836993,8.115039843870691e-06,4.308105704938871e-05,1.5535703469841306e-21,1.4101851095514898e-20
0.1325,991040.1425788078,100000.0,0.0005923971945247196,4.945312456473155e-05,0.9299947291296028,0.7822047434701969,0.06999700257179187,0.21775161075216926,8.268298605459938e-06,4.364577763506433e-05,1.6519930111435309e-21,1.493842608200477e-20
0.1375,991079.2316014875,100000.0,0.0005942719101699009,5.133137647140857e-05,0.9294576979413987,0.781317721610406,0.07053387694420378,0.2186380578547083,8.425114397658145e-06,4.4220534886295114e-05,1.760884563374527e-21,1.58593026996965e-20
0.1425,991118.4452797847,100000.0,0.0005961501620765779,5.3213188576925106e-05,0.9289173807260168,0.7804280886955749,0.07107403370276645,0.219527105786701,8.585571216774802e-06,4.4805517724750775e-05,1.881694069788589e-21,1.6875610534933115e-20
0.1475,991157.7838660049,100000.0,0.0005980319741820944,5.5098584870909685e-05,0.9283737726191097,0.7795358555555325,0.0716174776259637,0.22041874352601126,8.749754926591048e-06,4.540091845677217e-05,2.0161086447358967e-21,1.8000231024892274e-20
0.1525,991197.2476141655,100000.0,0.000599917370476079,5.698758939418937e-05,0.9278268689225034,0.7786410331890105,0.07216421332420177,0.22131295987816416,8.917753294836229e-06,4.600693282563959e-05,2.166097712791064e-21,1.9248110619035517e-20
0.1575,991236.8367799994,100000.0,0.0006018063749993587,5.8880226237693596e-05,0.9272766651055093,0.7777436327630529,0.07271424523846046,0.2222097434768845,9.089656030221114e-06,4.662376006441076e-05,2.333966322314024e-21,2.0636635671671517e-20
0.1625,991276.5516209573,100000.0,0.0006036990118428629,6.0776519541348e-05,0.9267231568062182,0.7768436656123905,0.07326757763896194,0.22310908278466166,9.26555482003214e-06,4.725160294932983e-05,2.522419507885658e-21,2.2186082223427375e-20
0.1675,991316.3923962113,100000.0,0.0006055953051465173,6.267649349295853e-05,0.9261663398327743,0.775941143238807,0.07382421462385749,0.22401096609334092,9.445543368290898e-06,4.789066785380729e-05,2.7346401680380773e-21,2.3920156819930628e-20
0.1725,991356.3593666573,100000.0,0.0006074952790981279,6.458017232708626e-05,0.925606210164633,0.7750360773104564,0.07438416011793274,0.22491538152474103,9.6297174344831e-06,4.854116480297089e-05,2.9743835099234e-21,2.5866648223766083e-20
0.1775,991396.4527949181,100000.0,0.0006093989579322556,6.648758032391084e-05,0.9250427639537954,0.7741284796611685,0.07494741787133175,0.2258223170313042,9.818174872861055e-06,4.9203307528789567e-05,3.2460918439340246e-21,2.805821448087102e-20
0.1825,991436.6729453458,100000.0,0.0006113063659290802,6.839874180808783e-05,0.9244759975260274,0.7732183622897141,0.07551399145830043,0.22673176039676077,1.0011015672323771e-05,4.987731352576601e-05,3.5550344269200816e-21,3.0533335532076696e-20
0.1875,991477.0200840243,100000.0,0.0006132175274132572,7.031368114759375e-05,0.9239059073820539,0.7723057373590595,0.07608388427594928,0.22764369923683306,1.0208341996878497e-05,5.056340410720312e-05,3.907478200984771e-21,3.333746870135946e-20
0.1925,991517.4944787723,100000.0,0.0006151324667527631,7.223242275256286e-05,0.9233324901987368,0.7713906171955789,0.07665709954303651,0.2285581209999603,1.0410258226687685e-05,5.126180446204047e-05,4.310896717522705e-21,3.6524453307353817e-20
0.1975,991558.096399145,100000.0,0.0006170512083577322,7.415499107411632e-05,0.9227557428302291,0.7704730142882413,0.07723364029877133,0.22947501296804723,1.0616870999705023e-05,5.197274371226026e-05,4.774226351771415e-21,4.015822179344294e-20
0.2025,991598.8261164369,100000.0,0.0006189737766792856,7.608141060318067e-05,0.9221756623091081,0.7695529412877837,0.07781350940163806,0.23039436225724524,1.0828289253904227e-05,5.269645497086446e-05,5.3081812019613395e-21,4.4314888737342157e-20
0.2075,991639.6839036836,100000.0,0.00062090019620835,7.801170586929835e-05,0.9215922458474883,0.7686304110058424,0.0783967095282415,0.23131615581875628,1.1044624270104179e-05,5.3433175400420284e-05,5.925640957369328e-21,4.908530662423531e-20
0.2125,991680.6700356643,100000.0,0.0006228304914744677,7.994590143943004e-05,0.9210054908381108,0.7677054364140634,0.07898324317217371,0.23224038043966366,1.1265989715393841e-05,5.418314627217345e-05,6.642129675301247e-21,5.457819929052903e-20
0.2175,991721.7847889037,100000.0,0.0006247646870445994,8.188402191674864e-05,0.9204153948554099,0.7667780306431872,0.07957311264290282,0.23316702274378737,1.149250168716029e-05,5.494661302572832e-05,7.476408038599046e-21,6.092401166857496e-20
0.2225,991763.0284416733,100000.0,0.000626702807521918,8.382609193942423e-05,0.9198219556565584,0.7658482069821018,0.08016632006468388,0.2340960691925697,1.1724278757723135e-05,5.572382532929405e-05,8.451207542693933e-21,6.827964941761934e-20
0.2275,991804.4012739941,100000.0,0.0006286448775445936,8.577213617940197e-05,0.9192251711824877,0.7649159788768773,0.08076286737549278,0.23502750608598275,1.1961442019578447e-05,5.651503714049409e-05,9.594142531569473e-21,7.683432616888354e-20
0.2325,991845.903567638,100000.0,0.0006305909217845713,8.77221793411714e-05,0.9186250395588861,0.7639813599297671,0.08136275632598268,0.2359613195634644,1.2204115131255194e-05,5.7320506767738674e-05,1.0938845511952145e-20,8.68167919450986e-20
0.2375,991887.5356061291,100000.0,0.0006325409649463407,8.96762461605285e-05,0.9180215590971719,0.7630443638981892,0.08196598847846424,0.2368974956048781,1.2452424363787122e-05,5.814049693215742e-05,1.2526383300307067e-20,9.850428704149848e-20
0.2425,991929.2976747456,100000.0,0.0006344950317656978,9.163436140332973e-05,0.9174147282954429,0.7621050046936699,0.08257256520590919,0.2378360200315006,1.2706498647802793e-05,5.897527483009089e-05,1.4407027040689624e-20,1.1223365538570095e-19
0.2475,991971.1900605209,100000.0,0.0006364531470084991,9.359654986424023e-05,0.9168045458394006,0.7611632963807736,0.08318248769097825,0.23877687850703025,1.2966469621236502e-05,5.982511219613755e-05,1.664246893309728e-20,1.284151654047793e-19
0.2525,992013.2130522451,100000.0,0.0006384153354694096,9.556283636547199e-05,0.9161910106032493,0.7602192531760054,0.08379575692507309,0.2397200565386286,1.3232471677662526e-05,6.0690285366756426e-05,1.9308603873527405e-20,1.4754973150309368e-19
0.2575,992055.3669404662,100000.0,0.0006403816219706413,9.753324575551827e-05,0.9155741216505713,0.7592728894466783,0.08441237370741354,0.24066553947797814,1.3504642015255163e-05,6.157107534441931e-05,2.2499026737045968e-20,1.702504141264845e-19
0.2625,992097.6520174913,100000.0,0.0006423520313606876,9.950780290787927e-05,0.9149538782351744,0.7583242197097666,0.0850323386441393,0.24161331252237128,1.3783120686376732e-05,6.246776786231289e-05,2.632943781991611e-20,1.9726931231130565e-19
0.2675,992140.0685773873,100000.0,0.0006443265885130486,0.00010148653271978118,0.9143302798019148,0.7573732586307285,0.08565565214743737,0.24256336071582227,1.4068050647795741e-05,6.338065344958648e-05,3.0943202704839756e-20,2.295312641115021e-19
0.2725,992182.6169159819,100000.0,0.0006463053183249505,0.00010346946011089006,0.9137033259874934,0.7564200210222998,0.08628231443469515,0.2435156689502026,1.4359577811537126e-05,6.431002749714192e-05,3.651838204560291e-20,2.681761561218296e-19
0.2775,992225.2973308647,100000.0,0.0006482882457160594,0.00010545661002201812,0.913073016621224,0.7554645218432742,0.08691232552767952,0.24447022196640195,1.4657851096366408e-05,6.525619032396361e-05,4.3276636066078426e-20,3.146121377300113e-19
0.2825,992268.1101213878,100000.0,0.0006502753956271874,0.00010744800741382531,0.9124393517257781,0.7545067761972442,0.08754568525174207,0.2454270043555122,1.49630224799095e-05,6.621944724398356e-05,5.149452390355535e-20,3.70582670144721e-19
0.2875,992311.0555886658,100000.0,0.0006522667930189946,0.0001094436772655135,0.9118023315178974,0.7535467993313285,0.08818239323505123,0.24638600056003793,1.5275247051409588e-05,6.720010863347976e-05,6.151786708419404e-20,4.38251155371421e-19
0.2925,992354.1340355771,100000.0,0.0006542624628706828,0.0001114436445735159,0.9111619564090836,0.7525846066348718,0.08882244890785126,0.24734719487512907,1.559468306512259e-05,6.819848999900226e-05,7.378003956568129e-20,5.203079389696021e-19
0.2975,992397.3457667638,100000.0,0.0006562624301786852,0.00011344793435018189,0.9105182270062572,0.7516202136381196,0.08946585150174843,0.24831057144983493,1.5921491994352287e-05,6.921491204582298e-05,8.882529720719504e-20,6.201058312389611e-19
0.3025,992440.6910886322,100000.0,0.0006582667199553512,0.00011545657162245521,0.9098711441123895,0.7506536360108693,0.09011260004902448,0.24927611428838467,1.625583858612626e-05,7.024970074690663e-05,1.0733858461595326e-19,7.418320336678101e-19
0.3075,992484.1703093528,100000.0,0.0006602753572276245,0.00011746958143054773,0.9092207087271055,0.7496848895610987,0.09076269338197812,0.25024380725148987,1.6597890916513503e-05,7.130318741239655e-05,1.3018367984403963e-19,8.907266071612666e-19
0.3125,992527.7837388605,100000.0,0.0006622883670357171,0.00011948698882660916,0.9085669220472591,0.7487139902335722,0.09141613013229449,0.2512136340576685,1.6947820446584446e-05,7.237570875961118e-05,1.5845208722178466e-19,1.073360527048854e-18
0.3175,992571.5316888546,100000.0,0.0006643057744317785,0.00012150881887338977,0.9079097854674782,0.7477409541084212,0.0920729087304428,0.2521855782845955,1.7305802079013895e-05,7.346760698354797e-05,1.9352580488948202e-19,1.297990134467688e-18
0.3225,992615.4144727981,100000.0,0.0006663276044785591,0.00012353509664290204,0.9072493005806819,0.7467657973997031,0.09273302740510278,0.25315962337046977,1.767201421532739e-05,7.45792298278861e-05,2.371580277833092e-19,1.575009672002798e-18
0.3275,992659.4324059185,100000.0,0.0006683538822480714,0.0001255658472150761,0.9065854691785667,0.7457885364539367,0.09339648418261962,0.2541357526154074,1.8046638813790995e-05,7.571093065648642e-05,2.9157706659250024e-19,1.917529919987594e-18
0.3325,992703.5858052064,100000.0,0.0006703846328202454,0.00012760109567641132,0.9059182932520641,0.7448091877486195,0.09406327688648804,0.2551139491828554,1.842986144794473e-05,7.68630685253813e-05,3.5962035754983303e-19,2.3421191687567552e-18
0.3375,992747.8749894158,100000.0,0.0006724198812815806,0.00012964086711862472,0.9052477749917685,0.7438277678907177,0.09473340313686578,0.2560941961010277,1.8821871365779402e-05,7.803600825524894e-05,4.449075240832167e-19,2.8697534475109664e-18
0.3425,992792.3002790626,100000.0,0.000674459652723794,0.0001316851866372961,0.904573916788334,0.7428442936151362,0.0954068603501165,0.2570764762643597,1.922286154955651e-05,7.923012050436606e-05,5.520641838774285e-19,3.527036837049264e-18
0.3475,992836.8619964251,100000.0,0.0006765039722424654,0.00013373407933050857,0.9038967212328416,0.7418587817831704,0.09608364573838217,0.2580607724349877,1.9633028776270663e-05,8.0445781842034e-05,6.870117776397994e-19,4.347770811073244e-18
0.3525,992881.5604655421,100000.0,0.0006785528649356779,0.00013578757029748822,0.9032161911171356,0.7408712493809325,0.09676375630918566,0.25904706724424525,2.0052573678753848e-05,8.168337482247008e-05,8.573433979993818e-19,5.374975177722272e-18
0.3575,992926.3960122128,100000.0,0.0006806063559026575,0.00013784568463723855,0.9025323294341292,0.7398817135177588,0.09744718886506344,0.2600353431941822,2.0481700807420615e-05,8.29432880591599e-05,1.0728117741584508e-18,6.6634940350205006e-18
0.3625,992971.3689639955,100000.0,0.0006826644702424079,0.00013990844744717437,0.9018451393780791,0.7388901914245979,0.09813394000322828,0.26102558265910236,2.092061869265306e-05,8.42259162996617e-05,1.3459636904708324e-18,8.283360452721104e-18
0.3675,993016.4796502059,100000.0,0.0006847272330523437,0.00014197588382175235,0.9011546243448293,0.7378967004523784,0.09882400611526286,0.26201776788712067,2.1369539907824278e-05,8.553166050085748e-05,1.6929658074285298e-18,1.0324146297292154e-17
0.3725,993061.728401917,100000.0,0.0006867946694269217,0.00014404801885109953,0.9004607879320234,0.7369012580703549,0.09951738338684357,0.2630118810017407,2.1828681132958817e-05,8.686092790464326e-05,2.134680935822778e-18,1.290059260796011e-17
0.3775,993107.1155519568,100000.0,0.0006888668044562689,0.00014612487761964002,0.8997636339392855,0.7359038818644354,0.10021406779749555,0.2640079040034509,2.2298263219028444e-05,8.821413211405114e-05,2.698072381403325e-18,1.615990632283706e-17
0.3825,993152.6414349072,100000.0,0.0006909436632248093,0.00014820648520472038,0.8990631663683686,0.7349045895354922,0.10091405512037854,0.2650058187713382,2.277851125288124e-05,8.959169316979514e-05,3.4180384767321273e-18,2.0291227685319087e-17
0.3875,993198.3063871026,100000.0,0.0006930252708098897,0.00015029286667523332,0.8983593894232734,0.7339033988976517,0.10161734092210382,0.26600560706472115,2.3269654622801943e-05,9.099403762723411e-05,4.3398117713691995e-18,2.5537928223217363e-17
0.3925,993244.1107466278,100000.0,0.0006951116522804026,0.0001523840470902399,0.8976523075103328,0.7329003278765649,0.1023239205625825,0.26700725052480134,2.3771927084701173e-05,9.242159863374314e-05,5.522100113569244e-18,3.221360352272358e-17
0.3975,993290.0548533165,100000.0,0.0006972028326954092,0.00015448005149759126,0.8969419252382659,0.7318953945076622,0.1030337891949052,0.26801073067633113,2.4285566828931047e-05,9.387481600648531e-05,7.041203417893949e-18,4.072289361825665e-17
0.4025,993336.1390487496,100000.0,0.0006992988371027606,0.00015658090493255036,0.896228247418199,0.7308886169343907,0.10374694176525327,0.2690160289292984,2.4810816547724375e-05,9.535413631057525e-05,8.996414782743263e-18,5.1588617176238345e-17
0.4075,993382.3636762525,100000.0,0.0007013996905377197,0.00015868663241641134,0.8955112790636551,0.7298800134064325,0.10446337301284153,0.27002312658063016,2.5347923503254446e-05,9.686001293762694e-05,1.1517113798365898e-17,6.548717086216739e-17
0.4125,993428.7290808939,100000.0,0.0007035054180215807,0.0001607972589551214,0.8947910253905108,0.7288696022779056,0.1051830774698929,0.27103200481590956,2.5897139596312252e-05,9.839290618467517e-05,1.4772091353906133e-17,8.32947582018583e-17
0.4175,993475.2356094827,100000.0,0.0007056160445602907,0.00016291280953789947,0.8940674918169196,0.7278574020055535,0.10590604946164474,0.2720426447111129,2.6458721435597673e-05,9.995328333346464e-05,1.898181964516148e-17,1.0614782035378715e-16
0.4225,993521.8836105663,100000.0,0.0007077315951430688,0.0001650333091358585,0.8933406839632051,0.7268434311469115,0.10663228310638723,0.2730550272343581,2.7032930407621106e-05,0.00010154161873009358,2.4434612572370878e-17,1.3552210739276801e-16
0.4275,993568.6734344276,100000.0,0.0007098520947410278,0.00016715878270062614,0.8926106076517191,0.7258277083584636,0.10736177231553361,0.274069133247671,2.762003274721146e-05,0.00010315839386500614,3.15079291900105e-17,1.7333623632868248e-16
0.4325,993615.6054330829,100000.0,0.0007119775683057955,0.00016928925516296648,0.8918772689066687,0.7248102523937795,0.10809451079372254,0.2750849435087671,2.822029960862665e-05,0.00010480409745332225,4.0696481525318286e-17,2.2208744170117715e-16
0.4375,993662.6799602793,100000.0,0.0007141080407681358,0.0001714247514314044,0.8911406739539101,0.7237910821016399,0.10883049203895259,0.2761024386728449,2.8834007137262127e-05,0.00010647922551549444,5.2649351544321504e-17,2.8502968288848326e-16
0.4425,993709.8973714911,100000.0,0.0007162435370365737,0.00017356529639084913,0.8904008292207093,0.7227702164241452,0.10956970934274886,0.27712159929439595,2.946143654195291e-05,0.00010818428145828414,6.821904520671782e-17,3.6640752396894033e-16
0.4475,993757.258023918,100000.0,0.0007183840819960185,0.00017571091490122014,0.8896577413354704,0.7217476743948146,0.11031215579036162,0.27814240582902894,3.0102874167864446e-05,0.00010991977615604505,8.852637437788605e-17,4.717635056894691e-16
0.4525,993804.7622764814,100000.0,0.0007205297005063895,0.00017786163179607593,0.8889114171274323,0.7207234751366637,0.11105782426099767,0.2791648386353039,3.0758611569967194e-05,0.00011168622803230348,1.1504633998547538e-16,6.083424284442989e-16
0.4575,993852.4104898212,100000.0,0.0007226804174012453,0.00018001747188124294,0.8881618636263295,0.7196976378602751,0.11180670742808325,0.2801888779765828,3.142894558708963e-05,0.00011348416314162685,1.4972189933604163e-16,7.856235169142911e-16
0.4625,993900.2030262933,100000.0,0.0007248362574864123,0.00018217845993344882,0.8874090880620236,0.7186701818618568,0.11255879775955974,0.2812145040228901,3.211417841654449e-05,0.0001153141152517667,1.9511478019627072e-16,1.0160214485843682e-15
0.4675,993948.1402499654,100000.0,0.0007269972455386181,0.00018434462069895612,0.8866530978640991,0.7176411265212861,0.11331408751821129,0.2822416968527871,3.2814617689321995e-05,0.00011717662592606875,2.5460554574413005e-16,1.3158105078417242e-15
0.4725,993996.222526614,100000.0,0.0007291634063041254,0.0001865159788922014,0.8858939006614293,0.7166104913001369,0.11407256876202475,0.28327043645525557,3.353057654584484e-05,0.00011907224460613511,3.326591743017347e-16,1.706343750248126e-15
0.4775,994044.450223721,100000.0,0.0007313347644973707,0.0001886925591944342,0.8851315042817055,0.7155782957397068,0.11483423334458183,0.2843007027315961,3.426237371227804e-05,0.00012100152869473133,4.3517783926932503e-16,2.215662459761348e-15
0.4825,994092.8237104696,100000.0,0.0007335113447996035,0.00019087438625236175,0.8843659167509386,0.7145445594590236,0.11559907291548344,0.2853324754973349,3.501033357738781e-05,0.00012296504363892326,5.699698177810883e-16,2.880622262220587e-15
0.4875,994141.343357741,100000.0,0.0007356931718575311,0.00019306148467679763,0.8835971462929232,0.7135093021528442,0.11636707892080625,0.28636573448413843,3.577478626994241e-05,0.00012496336301343302,7.473731374050445e-16,3.749703562117616e-15
0.4925,994190.0095381099,100000.0,0.000737880270281967,0.0001952538790413117,0.8828252013286716,0.7124725435896473,0.11713824260359072,0.28740045934174374,3.6556067736648146e-05,0.0001269970686042048,9.810855143423974e-16,4.886728882805139e-15
0.4975,994238.8226258411,100000.0,0.000740072664646481,0.00019745159388088627,0.8820500904758161,0.7114343036096078,0.11791255500436205,0.2884366296398936,3.7354519820613734e-05,0.00012906675049216432,1.2892694507762792e-15,6.375782727277437e-15
0.5025,994287.7829968852,100000.0,0.0007422703794860556,0.00019965465369057547,0.8812718225479754,0.7103946021225718,0.11869000696168244,0.2894742248702829,3.8170490340335076e-05,0.00013117300713716307,1.6960245272123126e-15,8.327726757759914e-15
0.5075,994336.8910288744,100000.0,0.0007444734392957448,0.0002018630829241704,0.8804904065540933,0.7093534591060152,0.11947058911273535,0.29051322444851196,3.90043331691934e-05,0.00013331644546209245,2.2333499380656617e-15,1.0888832448219811e-14
0.5125,994386.147101118,100000.0,0.0007466818685293397,0.0002040769059928675,0.8797058516977402,0.7083108946029989,0.12025429189394146,0.2915536077160495,3.9856408315458456e-05,0.00013549768093715735,2.9437618452742854e-15,1.4252225609841976e-14
0.5175,994435.5515945981,100000.0,0.0007488956915980368,0.00020629614726394368,0.8789181673763868,0.7072669287201151,0.12104110554160646,0.2925953539422018,4.072708200278902e-05,0.000137717337664295,3.8837857478587096e-15,1.8673066626524155e-14
0.5225,994485.1048919653,100000.0,0.000751114932869113,0.0002085208310594357,0.8781273631806434,0.7062215816254243,0.12183102009260016,0.29363844232609004,4.16167267512222e-05,0.00013997604846172654,5.1286185932060494e-15,2.4488695956849936e-14
0.5275,994534.8073775336,100000.0,0.000753339616664605,0.00021075098165482503,0.8773334488934676,0.7051748735463853,0.12262402538506706,0.2946828519986345,4.2525721458643e-05,0.00014227445494862894,6.7783552427324485e-15,3.214538195278942e-14
0.5325,994584.6594372762,100000.0,0.0007555697672599944,0.0002129866232777292,0.8765364344893402,0.7041268247677837,0.12342011105916834,0.29572856202454434,4.3454451482725406e-05,0.0001446132076299131,8.966307816258699e-15,4.223385135951278e-14
0.5375,994634.6614588201,100000.0,0.0007578054088828985,0.00021522778010659913,0.87573633013341,0.7030774556296499,0.12421926655785483,0.2967755514043134,4.440330872333593e-05,0.00014699296598109481,1.1870126012994131e-14,5.5536507474635405e-14
0.5425,994684.8138314416,100000.0,0.0007600465657117685,0.00021747447626942185,0.8749331461806078,0.7020267865251716,0.125021481127671,0.2978237990762223,4.5372691705390264e-05,0.00014941439853324626,1.5726667372199715e-14,7.30902076231051e-14
0.5475,994735.1169460609,100000.0,0.0007622932618745912,0.00021972673584243153,0.8741268931747271,0.7009748378986022,0.12582674381958986,0.2988732839183435,4.636300566215363e-05,0.0001518781829580123,2.0851889588872535e-14,9.626976154594453e-14
0.5525,994785.5711952372,100000.0,0.0007645455214476009,0.00022198458284882568,0.873317581847475,0.6999216302431677,0.12663504348987834,0.2999239847505529,4.73746626189751e-05,0.00015438500615267973,2.7667470646431307e-14,1.2689903403421615e-13
0.5575,994836.1769731633,100000.0,0.000766803368453995,0.00022424804125748942,0.8725052231174926,0.6988671840989639,0.12744636880099328,0.30097588033654354,4.840808147744572e-05,0.0001569355643252843,3.673644457051814e-14,1.6739883373652863e-13
0.5625,994886.9346756601,100000.0,0.0007690668268626587,0.0002265171349817263,0.8716898280893437,0.6978115200508535,0.12826070822250749,0.30202894938584546,4.94636880999705e-05,0.00015953056307974175,4.881092197804655e-14,2.2098383948124774e-13
0.5675,994937.8447001715,100000.0,0.0007713359205868956,0.00022879188787799714,0.8708714080524739,0.6967546587263613,0.12907805003206635,0.3030831705558458,5.054191539474353e-05,0.00016217071750098904,6.48960137447756e-14,2.919249150173955e-13
0.5725,994988.9074457585,100000.0,0.0007736106734831665,0.00023107232374466706,0.8700499744801389,0.6956966207935612,0.1298983823163737,0.30413852245381295,5.164320340111595e-05,0.00016485675224011979,8.633548504756961e-14,3.8589863958855615e-13
0.5775,995040.1233130934,100000.0,0.0007758911093498364,0.0002333584663207596,0.8692255390283021,0.6946374269589674,0.13072169297220765,0.3051949836389226,5.276799937534532e-05,0.00016758940159950191,1.1492655942667895e-13,5.104531990204251e-13
0.5825,995091.4927044546,100000.0,0.0007781772519259289,0.00023565033928471969,0.8683981135345045,0.6935770979654209,0.13154796970746574,0.3062525326242861,5.391675787671588e-05,0.00017036940961786032,1.530738346113497e-13,6.756295603835645e-13
0.5875,995143.01602372,100000.0,0.000780469124889889,0.0002379479662531856,0.8675677100167026,0.6925156545899718,0.13237720004223952,0.30731114787897823,5.5089940854017776e-05,0.00017319753015531135,2.0399568716485425e-13,8.9478992260806e-13
0.5925,995194.6936763617,100000.0,0.0007827667518583549,0.0002402513707797677,0.8667343406720782,0.6914531176417664,0.13320937130991742,0.30837080783006954,5.628801773237409e-05,0.0001760745269783347,2.720011320238768e-13,1.1857229057619121e-12
0.5975,995246.5260694394,100000.0,0.000785070156384937,0.0002425605763538395,0.8658980178758194,0.6903895079599303,0.13404447065831732,0.3094314908646533,5.7511465500403807e-05,0.0001790011738446643,3.6286126974145524e-13,1.5721182981639805e-12
0.6025,995298.5136115942,100000.0,0.0007873793619590088,0.00024487560639933567,0.8650587541798718,0.6893248464114502,0.13488248505084627,0.3104931753318766,5.8760768797708336e-05,0.00018197825458808787,4.843077418971227e-13,2.0855354100034455e-12
0.6075,995350.656713043,100000.0,0.000789694392004505,0.0002471964842735597,0.8642165623116616,0.6882591538890596,0.1357234012676892,0.31155583954496946,6.003642000266994e-05,0.00018500656320313662,6.467017540839519e-13,2.7680308430887177e-12
0.6125,995402.9557855712,100000.0,0.000792015269878729,0.0002495232332660022,0.8633714551727903,0.6871924513091215,0.13656720590702515,0.31261946178327304,6.133891932054914e-05,0.00018808690392965063,8.639321981566982e-13,3.6756673356952695e-12
0.6175,995455.4112425272,100000.0,0.0007943420188711715,0.00025185587659716903,0.8625234458377022,0.6861247596095145,0.13741388538627122,0.31368402029426523,6.266877487186878e-05,0.00019122009133720432,1.1546215314455826e-12,4.883200038519192e-12
0.6225,995508.0234988147,100000.0,0.0007966746622023384,0.00025419443741742077,0.8616725475523218,0.6850560997475171,0.13826342594335336,0.31474949329558305,6.402650278107142e-05,0.0001944069504093761,1.5437451257812367e-12,6.490336490625099e-12
0.6275,995560.792970887,100000.0,0.0007990132230225901,0.00025653893880582155,0.8608187737326655,0.6839864926976972,0.13911581363800418,0.315815858977045,6.541262726543755e-05,0.00019764831662784797,2.0648061704796746e-12,8.630100213910233e-12
0.6325,995613.72007674,100000.0,0.0008013577244109909,0.00025888940376900076,0.8599621379634255,0.682915959449797,0.13997103435308755,0.31688309550266675,6.682768072425092e-05,0.00020094503605631655,2.762757110252361e-12,1.1480006632316453e-11
0.6375,995666.805235905,100000.0,0.0008037081893741701,0.0002612458552400251,0.859102653996525,0.6818445210066248,0.1408290737959489,0.3179511810126742,6.82722038281976e-05,0.00020429796542420235,3.697924336103313e-12,1.5276999203015733e-11
0.6425,995720.048869442,100000.0,0.0008060646408451944,0.0002636083160772847,0.8582403357496481,0.6807721983819419,0.14168991749979173,0.3190200936255103,6.974674560898501e-05,0.00020770797221013876,4.951281225307096e-12,2.0337413632349257e-11
0.6475,995773.4513999327,100000.0,0.000808427101682454,0.00026597680906339106,0.85737519730474,0.6796990125983546,0.14255355082507926,0.3200898114398363,7.125186354916723e-05,0.00021117593472522582,6.631533443326237e-12,2.7083666148531864e-11
0.6525,995827.0132514735,100000.0,0.0008107955946685604,0.00026835135690408995,0.8565072529064821,0.6786249846851998,0.14341995896096105,0.32116031253652433,7.278812367216205e-05,0.00021470274219603113,8.884640157889735e-12,3.607993455251997e-11
0.6575,995880.7348496679,100000.0,0.0008131701425092593,0.00027073198222718996,0.8556365169607371,0.6775501356764315,0.14428912692672388,0.3222315749806418,7.435610063244582e-05,0.00021828929484732137,1.1906609562188812e-11,4.8079867047126035e-11
0.6625,995934.6166216194,100000.0,0.0008155507678323593,0.00027311870758150623,0.8547630040329667,0.6764744866085001,0.14516103957326687,0.32330357682342514,7.595637780591122e-05,0.0002219365039845082,1.596069579554554e-11,6.40903790399258e-11
0.6675,995988.6589959244,100000.0,0.0008179374931866756,0.0002755115554358244,0.8538867288466196,0.6753980585182273,0.14603568158459945,0.32437629610424007,7.758954738037354e-05,0.00022564529207578853,2.1400512432685528e-11,8.545696969311662e-11
0.6725,996042.862402664,100000.0,0.0008203303410409937,0.0002779105481778857,0.8530077062814905,0.674320872440663,0.14691303747936216,0.3254497108525253,7.925621044621002e-05,0.00022941659283396172,2.8701099380784446e-11,1.139778249421449e-10
0.6775,996097.2272733973,100000.0,0.000822729333783055,0.00028031570811339653,0.8521259513720431,0.6732429494069285,0.1477930916123691,0.3265237990897173,8.095697708711715e-05,0.00023325135129790455,3.850068121973004e-11,1.5205642848940668e-10
0.6825,996151.7540411529,100000.0,0.0008251344937185659,0.0002827270574650671,0.8512414793057014,0.6721643104420305,0.1486758281761709,0.3275985388311499,8.26924664709703e-05,0.0002371505239136839,5.165679746755049e-11,2.0290568614148635e-10
0.6875,996206.4431404219,100000.0,0.0008275458430702364,0.00028514461837168565,0.8503543054210998,0.6710849765626412,0.1495612312026376,0.32867390808792235,8.446330694077006e-05,0.0002411150786152828,6.93217518599168e-11,2.7082096159142295e-10
0.6925,996261.2950071495,100000.0,0.000829963403976855,0.0002875684128872362,0.8494644452062913,0.6700049687748227,0.15044928456455894,0.3297498848687272,8.627013610565817e-05,0.0002451459949049181,9.304402985761096e-11,3.615452974439003e-10
0.6975,996316.3100787274,100000.0,0.0008323871984924055,0.00028999846298006983,0.8485719142969024,0.6689243080716814,0.15133997197726107,0.3308264471816277,8.811360093198718e-05,0.00024924426393292144,1.2490462078393246e-10,4.827579540572738e-10
0.7025,996371.488793986,100000.0,0.0008348172485852392,0.00029243479053214425,0.8476767284742287,0.6678430154309265,0.15223327700023653,0.3319035730357683,8.999435783442591e-05,0.0002534108885771523,1.677002540443145e-10,6.447279091447256e-10
0.7075,996426.8315931859,100000.0,0.0008372535761373136,0.0002948774173383524,0.8467789036632583,0.6667611118122921,0.15312918303878487,0.3329812404429983,9.191307276708245e-05,0.00025764688352190727,2.2518968737178765e-10,8.6118801653257e-10
0.7125,996482.33891801,100000.0,0.0008396962029435217,0.0002973263651059642,0.8458784559306016,0.6656786181547775,0.1540276733456591,0.33405942741938227,9.387042131462608e-05,0.00026195327533628095,3.0242473083476674e-10,1.1505043170464657e-09
0.7175,996538.0112115555,100000.0,0.0008421451507111335,0.0002997816554542172,0.8449754014823085,0.6645955553736478,0.15492873102271307,0.3351381119865605,9.586708878338702e-05,0.00026633110255192753,4.061951390892582e-10,1.5372401236082527e-09
0.7225,996593.8489183252,100000.0,0.0008446004410593865,0.0003022433099141036,0.8440697566615394,0.6635119443570986,0.15583233902254184,0.33621727217291303,9.790377029241262e-05,0.00027078141574015334,5.456265077344807e-10,2.0542480977053698e-09
0.7275,996649.8524842197,100000.0,0.0008470620955192729,0.0003047113499284167,0.8431615379460454,0.6624278059624829,0.1567384801501063,0.33729688601446045,9.9981170864455e-05,0.0002753052775882583,7.329837419474082e-10,2.745468442506017e-09
0.7325,996706.0223565289,100000.0,0.000849530135533586,0.0003071857968521438,0.8422507619454045,0.6613431610119374,0.1576471370643279,0.33837693155541615,0.00010210000551686301,0.0002799037629750142,9.847506996049463e-10,3.6696713613912504e-09
0.7375,996762.3589839232,100000.0,0.0008520045824573131,0.00030966667195331645,0.84133744539793,0.6602580302872169,0.1585582922796368,0.3394573868482759,0.00010426099935234649,0.0002845779590451411,1.3230808196870803e-09,4.905462146872138e-09
0.7425,996818.8628164458,100000.0,0.0008544854575584858,0.0003121539964144787,0.840421605167154,0.6591724345234559,0.15947192816745043,0.340538229953287,0.00010646488764957616,0.00028932896528258915,1.777746038833201e-09,6.557974452325611e-09
0.7475,996875.5343055036,100000.0,0.000856972782019648,0.00031464779133497426,0.8395032582377414,0.6580863944015026,0.1603880269575501,0.3416194389370947,0.00010871241595357346,0.0002941578935823827,2.388754901705694e-09,8.767820505926155e-09
0.7525,996932.3739038595,100000.0,0.0008594665769401436,0.0003171480777343414,0.8385824217106493,0.6569999305383415,0.16130657073931556,0.3427009918702798,0.00011100434016583552,0.00029906586832068445,3.209869273605971e-09,1.1723058328060922e-08
0.7575,996989.3820656238,100000.0,0.0008619668633395107,0.0003196548765571842,0.8376591127972801,0.6559130634749607,0.16222754146275825,0.343782866823425,0.0001133414266341245,0.0003040540264226428,4.313327544295598e-09,1.5675191522852548e-08
0.7625,997046.5592462457,100000.0,0.0008644736621623535,0.0003221682086800336,0.8367333488122911,0.6548258136608109,0.16315092093927952,0.3448650418612033,0.00011572445224183275,0.00030912351742741354,5.79618747286592e-09,2.0960558425863688e-08
0.7675,997103.9059025057,100000.0,0.0008669869942852029,0.0003246880949208784,0.8358051471646102,0.6537382014337044,0.16407669084205,0.34594749503382316,0.00011815420449680688,0.00031427550354954796,7.788842976314126e-09,2.8028922972464968e-08
0.7725,997161.4224925081,100000.0,0.0008695068805260477,0.0003272145560522823,0.8348745253460504,0.6526502469936385,0.16500483270587163,0.3470302043649382,0.0001206314816194777,0.00031951115973565377,1.0466458410436207e-08,3.748168783401215e-08
0.7775,997219.1094756731,100000.0,0.0008720333416574516,0.00032974761281932493,0.8339415009167153,0.651561970368505,0.16593532792633708,0.3481131478348179,0.00012315709263009336,0.00032483167371484366,1.4064317565410857e-08,5.012296211866101e-08
0.7825,997276.9673127302,100000.0,0.0008745663984244943,0.0003322872859640235,0.8330060914861059,0.6504733913689812,0.16686815775803465,0.3491963033571787,0.00012573185743478327,0.0003302382460409693,1.8898424563116997e-08,6.702779918319534e-08
0.7875,997334.9964657126,100000.0,0.0008771060715691928,0.0003348335962584673,0.8320683146884793,0.6493845295289868,0.16780330331146123,0.3502796487475239,0.0001283566069100875,0.0003357320901239218,2.5393149354078842e-08,8.963336537738353e-08
0.7925,997393.1973979516,100000.0,0.0008796523818636366,0.0003373865645496613,0.8311281881505064,0.6482954040269067,0.1687407455481874,0.3513631616801187,0.00013103218298545733,0.00034131443224632066,3.41183207058164e-08,1.19860728446972e-07
0.7975,997451.5705740737,100000.0,0.0008822053501548306,0.0003399462118201112,0.8301857294486286,0.6472060335811646,0.1696804652736616,0.3524468196297492,0.00013375943872305813,0.000346986511560599,4.583898679377401e-08,1.602775254921499e-07
0.8025,997510.1164599984,100000.0,0.0008847649974252805,0.0003425125592695556,0.8292409560526214,0.6461164363116246,0.1706224431268268,0.353530599793117,0.0001365392383939644,0.0003527495800597276,6.158215773625172e-08,2.1431519871968083e-07
0.8075,997568.83552294,100000.0,0.0008873313448747249,0.00034508562842512126,0.8282938852507032,0.645026629555455,0.1715666595654381,0.35461447898297527,0.000139372457549511,0.0003586049025124086,8.272630920550329e-08,2.8655905750221453e-07
0.8125,997627.7282314117,100000.0,0.0008899044140302906,0.00034766544128965525,0.8273445340499452,0.6439366296223384,0.17251309484558217,0.35569843348579494,0.00014225998308611555,0.0003645537563503203,1.1112138661186204e-07,3.831355164632195e-07
0.8175,997686.7950552353,100000.0,0.0008924842268948246,0.00035025202054134066,0.8263929190436415,0.6428464514689008,0.17346172899338494,0.35678243887063305,0.00014520271330127624,0.00037059743149057446,1.492496723089123e-07,5.122289757153335e-07
0.8225,997746.0364655575,100000.0,0.00089507080614651,0.00035284538980218225,0.8254390562344813,0.6417561082655808,0.17441254176619422,0.35786646973272673,0.00014820155793761482,0.0003767372300705759,2.0044138686247188e-07,6.847716217733193e-07
0.8275,997805.4529348749,100000.0,0.0008976641754073516,0.00035544557399895744,0.8244829607986128,0.6406656108203145,0.175365512599589,0.3589504993497928,0.0001512574382106946,0.000382974466064376,2.691635874857493e-07,9.153638280467964e-07
0.8325,997865.0449370702,100000.0,0.0009002643596041268,0.00035805259984829124,0.8235246467706763,0.6395749668116562,0.17632062053530906,0.3600344992215972,0.00015437128681478922,0.0003893104647386542,3.614071997930122e-07,1.223502008036215e-06
0.8375,997924.8129474656,100000.0,0.0009028713854534606,0.0003606664965083098,0.822564126623191,0.6384841797683289,0.1772778441235068,0.3611184384534812,0.00015754404789865663,0.0003957465618916309,4.852054035104352e-07,1.635216298396109e-06
0.8425,997984.7574428963,100000.0,0.0009054852821134791,0.00036328729645379533,0.8216014107047502,0.6373932477114592,0.17823716129045297,0.36220228293132595,0.00016077667700048107,0.00040228410279814607,6.513277962942083e-07,2.1852544167062636e-06
0.8475,998044.878901814,100000.0,0.0009081060820589647,0.00036591503665115105,0.8206365064895688,0.6363021613481807,0.179198549159778,0.36328599421783125,0.0001640701409272024,0.00040892444075698654,8.74209725926477e-07,2.919993230938788e-06
0.8525,998105.1778044286,100000.0,0.0009107338222563204,0.0003685497601354234,0.8196694175750359,0.635210901668717,0.18016198381123824,0.36436952807649686,0.0001674254175580782,0.00041566893509984457,1.1731961677595033e-06,3.901319686167123e-06
0.8575,998165.6546329015,100000.0,0.0009133685457405927,0.0003711915181263749,0.8187001423427457,0.6341194367504969,0.18112743995550168,0.3654528324983729,0.00017084349554500366,0.0004225189484716517,1.5742062076186922e-06,5.21180265866938e-06
0.8625,998226.309871609,100000.0,0.0009160103037315442,0.0003738403728670794,0.8177286721702433,0.6330277175084313,0.18209489049608116,0.36653584506489595,0.00017432537387214307,0.00042947584312496954,2.1119598034713076e-06,6.961583547843836e-06
0.8675,998287.1440074987,100000.0,0.0009186591584722487,0.0003764964014307037,0.8167549890431015,0.6319356720450442,0.18306430593965908,0.3676184894244852,0.00017787206122385043,0.0004365409758805055,2.8329560155905027e-06,9.29755459022896e-06
0.8725,998348.1575305726,100000.0,0.000921315187035873,0.0003791597008243123,0.8157790623668361,0.6308431981408498,0.1840356536027998,0.36870067058645867,0.00018148457509138224,0.00044371569128344673,3.799455272835339e-06,1.2415581407944876e-05
0.8775,998409.3509345362,100000.0,0.0009239784864294817,0.0003818303948297278,0.8148008447114353,0.6297501532752349,0.18500889654529232,0.3697822686371339,0.00018516394052376766,0.00045100131232011235,5.0948027484788744e-06,1.6576775311189258e-05
0.8825,998470.7247176748,100000.0,0.0009266491804348972,0.00038450864317012305,0.8138202661324695,0.6286563413691824,0.18598399213657987,0.3708631303516037,0.00018891118839401742,0.00045839912783647737,6.830542556682017e-06,2.2129151377823363e-05
0.8875,998532.2793840301,100000.0,0.0009293274287752924,0.00038719465378960047,0.8128372265945536,0.6275614951777899,0.18696089012988112,0.371943057999911,0.0001927273530053785,0.0004659103754994306,9.155922560045869e-06,2.9536446799792293e-05
0.8925,998594.0154449828,100000.0,0.0009320134393947698,0.00038988869929829355,0.8118515858657613,0.6264652529119501,0.18793953007597214,0.37302179441393896,0.0001966134687991903,0.00047353621873622123,1.2270589467301095e-05,3.9416455374840764e-05
0.8975,998655.9334213748,100000.0,0.0009347074849034629,0.0003925911389897252,0.8108631500425968,0.6253671272075187,0.1889198378515463,0.3740990030724946,0.00020057056584011932,0.00048127771554130997,1.644154001680335e-05,5.259200444545307e-05
0.9025,998718.0338463574,100000.0,0.0009374099245948945,0.0003953024483099583,0.8098716535874247,0.6242664639509826,0.1899017210007717,0.3751742415519454,0.00020459966363808779,0.0004891357763043203,2.202574816552733e-05,7.015872076773018e-05
0.9075,998780.3172692098,100000.0,0.0009401212339151276,0.00039802325828896157,0.80887673539142,0.623162387666044,0.19088506248667428,0.376246926145615,0.0002087017627081783,0.0004971111068231528,2.9500359197590707e-05,9.357508151808324e-05
0.9125,998842.7842604546,100000.0,0.0009428420438941309,0.0004007544082861279,0.8078779068864852,0.6220537291042986,0.19186971231272307,0.37731628473391104,0.00021287783305546496,0.0005052041313360459,3.9502967736412085e-05,0.0001247820304547108
0.9175,998905.4354187103,100000.0,0.0009455731938912972,0.0004034970165239213,0.8068745095801437,0.6209389292852898,0.19285547629308677,0.3783812940324884,0.00021712879848122222,0.0005134148886202301,5.288532828836516e-05,0.00016636179360162763
0.9225,998968.271379865,100000.0,0.0009483158021290906,0.0004062525743791181,0.805865658526632,0.6198159123931246,0.19384210100737018,0.37944059608412106,0.00022145551521350818,0.0005217428918100222,7.078495078445128e-05,0.00022174863094421684
0.9275,999031.292829353,100000.0,0.0009510713599842874,0.0004090230723934542,0.804850167107643,0.6186819175252486,0.19482925365222367,0.3804923871962361,0.0002258587428326733,0.0005301869393821489,9.472049730066666e-05,0.00029550833913350854
0.9325,999094.500518579,100000.0,0.0009538418579986235,0.00041181116861854176,0.8038264469888209,0.6175332761342222,0.19581649507167734,0.38153427033806725,0.000230339104742529,0.0005387448604766127,0.0001267188347593453,0.00039370866723391026
0.9375,999157.8952868816,100000.0,0.0009566299542237111,0.0004146204134408976,0.8027923751276089,0.6163651178921749,0.1968032436757022,0.38256305914428074,0.0002348970344659967,0.0005474131720245827,0.00016948416222280414,0.0005244097915199725
0.9425,999221.4780908953,100000.0,0.0009594391990460669,0.00041745554972953843,0.8017451170846579,0.6151709823775287,0.19778872719700863,0.38357451793289427,0.00023953270273375181,0.0005561866176014865,0.000226623015599789,0.0006983130719760033
0.9475,999285.2500437899,100000.0,0.0009622743353347078,0.00042032291339116467,0.8006808924420451,0.6139423071211157,0.1987719182305858,0.38456301730070414,0.0002442459185713136,0.000565057547962013,0.00030294340879793665,0.0009296180302182129
0.9525,999349.2124676903,100000.0,0.000965141698996334,0.0004232309677082969,0.7995946636121564,0.6126677537974301,0.19975144817329446,0.38552107863772134,0.0002490359952237012,0.0005740150901709103,0.0004048522193255264,0.0012371524746776228
0.9575,999413.3669636829,100000.0,0.0009680497533134662,0.0004261910158337727,0.7984797234247698,0.6113323233353165,0.20072549243601875,0.3864387730100873,0.00025390156859117025,0.000583044035335042,0.0005408825706202893,0.0016458596192611352
0.9625,999477.7155052708,100000.0,0.000971009801438942,0.00042921815038518855,0.7973271492324687,0.6099161971322009,0.20169161751933504,0.38730293002548105,0.00025884035163310624,0.0005921233533258446,0.0007223928965631532,0.002188749488992165
0.9675,999542.26056309,100000.0,0.0009740369359903579,0.00043233251835070774,0.79612508143585,0.6083932252600021,0.20264657758202076,0.3880961003533395,0.0002638488026139117,0.0006012242157952426,0.0009644921795152986,0.002909450170863198
0.9725,999607.0052712769,100000.0,0.000977151303955877,0.0004355610049359441,0.7948577718144617,0.6067289638810931,0.20358604432610347,0.3887952016494459,0.0002689216777307161,0.0006103073758511265,0.0012872621817040333,0.00386552709360978
0.9775,999671.953649302,100000.0,0.0009803797905411134,0.0004389394734013233,0.7935043313838765,0.6048781443282089,0.20450424920190208,0.38936976247377203,0.0002740514291360775,0.000619319714564282,0.0017173679850851517,0.0051327734834549265
0.9825,999737.1108976258,100000.0,0.0009837582590064926,0.0004425157416710116,0.7920370883534807,0.6027814385262698,0.20539351095798528,0.3897796643406981,0.0002792273971897355,0.0006281897237029746,0.0022901732913442425,0.006810707409329531
0.9875,999802.483791533,100000.0,0.000987334527276181,0.00044635353332724394,0.7904194442097849,0.6003613759819385,0.20624361437900388,0.38997227246154614,0.0002844347305645871,0.0006368216574623217,0.0030525066806467178,0.009029529899053179
0.9925,999868.0812054162,100000.0,0.0009911723189324133,0.00045053771370857877,0.7886030909826504,0.5975172783678239,0.2070409978625339,0.389878849047908,0.0002896529495146047,0.0006450880676026701,0.004066258205301236,0.011958784516665481
0.9975,999933.9148101781,100000.0,0.000995356499313748,0.0004551812143948307,0.7865244281830318,0.5941191298848845,0.2077676989787883,0.3894101736668468,0.0002948540468356022,0.0006528204632668817,0.005413018791344319,0.015817875985001912
