z_over_L,feed_pressure_pa,permeate_pressure_pa,feed_flow_kmol_s,permeate_flow_kmol_s,x_fast,y_fast,x_mid,y_mid,x_slow,y_slow
0.001,1000000.0,166252.12346775582,0.0009595373827918739,2.08472380332518e-06,4.875197742540197e-07,2.6332491757320675e-06,0.03393589934139839,0.1301764390763262,0.9660636131388274,0.8698209276744829
0.003,1000000.0,166251.6943535909,0.0009616221065951991,4.171782469036258e-06,4.921715528769077e-07,2.6557791211289214e-06,0.03414454153322637,0.13072517000468076,0.9658549662952207,0.8692721742161823
0.005,1000000.0,166251.0503170746,0.0009637091652609102,6.2612005374425815e-06,4.969059113352913e-07,2.678673000884922e-06,0.034354888593653314,0.13127704282227104,0.9656446145004353,0.868720278504726
0.007,1000000.0,166250.19111018835,0.0009657985833293165,8.353002786985818e-06,5.017248580023384e-07,2.701938882643517e-06,0.034566954750256756,0.13183207357266827,0.9654325435248853,0.8681652244884478
0.009,1000000.0,166249.1164814991,0.0009678903855788598,1.0447214236205399e-05,5.066304599882e-07,2.725585050291387e-06,0.034780754325364364,0.13239027830839428,0.9652187390441757,0.8676069961065507
0.011,1000000.0,166247.82617613123,0.0009699845970280793,1.2543860145711552e-05,5.116248450819617e-07,2.7496200105337543e-06,0.03499630173615001,0.13295167308944944,0.9650031866390049,0.8670455772905348
0.013,1000000.0,166246.31993573785,0.0009720812429375855,1.464296602016516e-05,5.16710203763517e-07,2.7740524996879877e-06,0.03521361149471757,0.13351627398182683,0.9647858717950786,0.8664809519656712
0.015,1000000.0,166244.59749847202,0.0009741803488120391,1.6744557610266515e-05,5.218887912880363e-07,2.798891490702734e-06,0.03543269820817213,0.1340840970559722,0.9645667799030366,0.8659131040525366
0.017,1000000.0,166242.65859895776,0.0009762819404021404,1.8848660914751983e-05,5.271629298458091e-07,2.8241462004110016e-06,0.03565357657867812,0.1346551583852288,0.9643458962583921,0.8653420174685742
0.019,1000000.0,166240.5029682605,0.000978386043706626,2.0955302182396637e-05,5.325350108003497e-07,2.8498260970256036e-06,0.03587626140350429,0.13522947404426464,0.964123206061485,0.8647676761296378
0.021,1000000.0,166238.13033385755,0.0009804926849742706,2.3064507914025124e-05,5.380074970077737e-07,2.8759409078851673e-06,0.03610076757505526,0.13580706010746207,0.9638986944174478,0.8641900639516253
0.023,1000000.0,166235.5404196081,0.000982601890705899,2.5176304864529364e-05,5.435829252205679e-07,2.902500627459746e-06,0.036327110080889076,0.13638793264728294,0.9636723463361856,0.8636091648520897
0.025,1000000.0,166232.73294572302,0.0009847136876564033,2.729072004489417e-05,5.492639085790051e-07,2.9295155256252483e-06,0.03655530400372079,0.13697210773260488,0.9634441467323707,0.8630249627518721
0.027,1000000.0,166229.70762873432,0.000986828102836768,2.9407780724227737e-05,5.550531391935839e-07,2.956996156216405e-06,0.036785364521411526,0.13755960142703827,0.9632140804254494,0.8624374415768069
0.029,1000000.0,166226.46418146434,0.0009889451635161017,3.1527514431799295e-05,5.609533908220093e-07,2.9849533658679643e-06,0.03701730690694293,0.13815042978720923,0.9629821321396663,0.861846585259423
0.031,1000000.0,166223.00231299465,0.0009910648972236732,3.364994895908434e-05,5.669675216443692e-07,3.013398303154383e-06,0.03725114652837645,0.13874460886101528,0.9627482865041018,0.8612523777406799
0.033,1000000.0,166219.32172863468,0.0009931873317509583,3.5775112361814665e-05,5.730984771403116e-07,3.0423424280388985e-06,0.03748689884879741,0.13934215468585476,0.9625125280527255,0.8606548029717185
0.035,1000000.0,166215.42212988998,0.0009953124951536886,3.790303296203506e-05,5.793492930721779e-07,3.071797521642794e-06,0.03772457942624328,0.13994308328682803,0.9622748412244637,0.8600538449156496
0.037,1000000.0,166211.30321443029,0.000997440415753909,4.003373935016483e-05,5.857230985782042e-07,3.101775696346541e-06,0.037964203913616025,0.14054741067491372,0.9620352103632854,0.8594494875493901
0.039,1000000.0,166206.9646760572,0.0009995711221420388,4.216726038706647e-05,5.922231193800756e-07,3.132289406234397e-06,0.038205788058578244,0.14115515284511013,0.9617936197183025,0.8588417148654837
0.041,1000000.0,166202.40620467163,0.0010017046431789404,4.43036252061169e-05,5.988526811092798e-07,3.163351457895251e-06,0.03844934770343245,0.14176632577455905,0.9615500534438864,0.8582305108739826
0.043,1000000.0,166197.62748624088,0.0010038410079979908,4.644286321528674e-05,6.056152127568978e-07,3.1949750215919213e-06,0.03869489878498365,0.14238094542062962,0.9613044955998036,0.8576158596043475
0.045,1000000.0,166192.62820276548,0.0010059802460071607,4.858500409922267e-05,6.125142502516424e-07,3.227173642812657e-06,0.03894245733438442,0.14299902771898243,0.9610569301513653,0.8569977451073723
0.047,1000000.0,166187.4080322457,0.0010081223868910966,5.073007782133447e-05,6.195534401711635e-07,3.2599612542183663e-06,0.03919203947696248,0.14362058858160137,0.9608073409695973,0.8563761514571431
0.049,1000000.0,166181.96664864768,0.0010102674606132084,5.287811462588801e-05,6.267365435918327e-07,3.2933521879997568e-06,0.03944366143203029,0.14424564389479433,0.9605557118314261,0.8557510627530177
0.051,1000000.0,166176.3037218694,0.001012415497417762,5.502914504009989e-05,6.340674400824273e-07,3.327361188659434e-06,0.0396973395126762,0.14487420951717206,0.9603020264198837,0.855122463121637
0.053,1000000.0,166170.41891770618,0.0010145665278319738,5.7183199876236043e-05,6.415501318473654e-07,3.362003426234161e-06,0.039953090125537175,0.14550630127759645,0.9600462683243309,0.8544903367189768
0.055,1000000.0,166164.31189781602,0.00101672058266811,5.934031023371769e-05,6.491887480253609e-07,3.397294509972947e-06,0.04021092977055242,0.1461419349730917,0.9597884210406995,0.8538546677323978
0.057,1000000.0,166157.9823196845,0.0010188776930255916,6.150050750122445e-05,6.569875491496059e-07,3.4332505024880524e-06,0.04047087504069758,0.14678112636674126,0.9595284679717533,0.853215440382756
0.059,1000000.0,166151.4298365894,0.0010210378902930984,6.366382335880663e-05,6.649509317758427e-07,3.4698879343953146e-06,0.04073294262169945,0.14742389118553992,0.9592663924273688,0.8525726389265247
0.061,1000000.0,166144.65409756507,0.0010232012061506806,6.583028977999504e-05,6.730834332849334e-07,3.507223819462225e-06,0.040997149291730366,0.14807024511823058,0.9590021776248363,0.8519262476579507
0.063,1000000.0,166137.6547473664,0.001025367672571869,6.799993903391715e-05,6.813897368668172e-07,3.545275670281621e-06,0.04126351192108247,0.14872020381310258,0.9587358066891808,0.8512762509112273
0.065,1000000.0,166130.4314264325,0.001027537321825791,7.017280368741324e-05,6.898746766930084e-07,3.58406151449047e-06,0.04153204747182103,0.14937378287576472,0.9584672626535023,0.8506226330627211
0.067,1000000.0,166122.98377085006,0.0010297101864792872,7.234891660715494e-05,6.985432432850938e-07,3.6235999115533807e-06,0.04180277299741666,0.1500309978668892,0.9581965284593401,0.8499653785331986
0.069,1000000.0,166115.31141231634,0.0010318862993990289,7.45283109617644e-05,7.0740058908698e-07,3.663909970131491e-06,0.04207570564235612,0.1506918642999276,0.9579235869570548,0.8493044717901027
0.071,1000000.0,166107.41397810195,0.0010340656937536383,7.671102022393692e-05,7.164520342489597e-07,3.7050113660578905e-06,0.042350862641731275,0.15135639763879255,0.9576484209062346,0.8486398973498398
0.073,1000000.0,166099.29109101318,0.0010362484030158109,7.889707817256215e-05,7.257030726319935e-07,3.746924360941914e-06,0.042628261320805674,0.15202461329551598,0.9573710129761216,0.8479716397801222
0.075,1000000.0,166090.94236935402,0.001038434460964436,8.108651889484665e-05,7.351593780409451e-07,3.7896698214251093e-06,0.042907919094558745,0.15269652662787533,0.9570913457460631,0.847299683702304
0.077,1000000.0,166082.36742688794,0.0010406239016867206,8.327937678843705e-05,7.448268106958622e-07,3.833269239112686e-06,0.04318985346720688,0.15337215293699094,0.9568094017059825,0.8466240137937703
0.079,1000000.0,166073.56587279928,0.001042816759580311,8.547568656354203e-05,7.547114239507641e-07,3.877744751205212e-06,0.04347408203170128,0.154051507464895,0.9565251632568749,0.8459446147903541
0.081,1000000.0,166064.53731165428,0.001045013069355416,8.767548324505471e-05,7.648194712697848e-07,3.9231191618560785e-06,0.043760622469202044,0.15473460539207085,0.9562386127113267,0.8452614714887666
0.083,1000000.0,166055.2813433617,0.0010472128660369286,8.987880217467428e-05,7.751574134709184e-07,3.969415964281307e-06,0.0440494925485282,0.15542146183496192,0.9559497322940583,0.8445745687490739
0.085,1000000.0,166045.79756313347,0.0010494161849665482,9.208567901302538e-05,7.857319262480262e-07,4.016659363649371e-06,0.0443407101255832,0.15611209184345418,0.9556585041424905,0.8438838914971808
0.087,1000000.0,166036.0855614444,0.0010516230618048993,9.429614974177595e-05,7.965499079822135e-07,4.0648743007795034e-06,0.04463429314275568,0.1568065103983293,0.9553649103073363,0.843189424727369
0.089,1000000.0,166026.14492399213,0.0010538335325336499,9.651025066575601e-05,8.076184878541164e-07,4.114086476678075e-06,0.044930259628294944,0.15750473240868346,0.9550689327532171,0.8424911535048386
0.091,1000000.0,166015.97523165643,0.00105604763345763,9.872801841506902e-05,8.189450342691233e-07,4.1643223779441455e-06,0.04522862769566075,0.15820677270932682,0.9547705533593049,0.841789062968294
0.093,1000000.0,166005.57606045817,0.001058265401206943,0.0001009494899472035,8.305371636080419e-07,4.215609303075735e-06,0.04552941554284732,0.1589126460581482,0.954469753919989,0.8410831383325476
0.095,1000000.0,165994.94698151806,0.0010604868727390774,0.00010317470254914151,8.42402749316229e-07,4.26797538971007e-06,0.04583264145168084,0.15962236713345132,0.9541665161455698,0.8403733648911595
0.097,1000000.0,165984.08756101492,0.0010627120853410154,0.0001054036938394643,8.545499313447306e-07,4.321449642832143e-06,0.04613832378709019,0.1603359505312621,0.9538608216629786,0.8396597280190938
0.099,1000000.0,165972.99736014375,0.0010649410766313382,0.00010763650177044988,8.669871259575368e-07,4.3760619639873724e-06,0.046446480996350535,0.16105341076261231,0.9535526520165234,0.8389422131754231
0.101,1000000.0,165961.67593507332,0.0010671738845623238,0.00010987316463017106,8.797230359196302e-07,4.431843181535003e-06,0.04675713160829951,0.16177476225078957,0.9532419886686645,0.8382208059060284
0.103,1000000.0,165950.12283690344,0.001069410547422045,0.00011211372104458597,8.927666610810938e-07,4.488825081980861e-06,0.04707029423252536,0.16250001932856106,0.9529288130008136,0.8374954918463572
0.105,1000000.0,165938.33761162192,0.00107165110383646,0.00011435820997962338,9.061273093731805e-07,4.547040442429172e-06,0.04738598755852681,0.16322919623537088,0.9526131063141638,0.836766256724186
0.107,1000000.0,165926.3198000612,0.0010738955927714973,0.00011660667074326291,9.198146082328901e-07,4.606523064194655e-06,0.04770423035484431,0.1639623071145079,0.9522948498305475,0.8360330863624279
0.109,1000000.0,165914.0689378545,0.0010761440535351368,0.00011885914298760865,9.338385164732668e-07,4.667307807617757e-06,0.04802504146816216,0.1646993660102464,0.9519740246933214,0.8352959666819465
0.111,1000000.0,165901.58455539175,0.0010783965257794826,0.00012111566671095715,9.482093366173411e-07,4.729430628127354e-06,0.04834843982238119,0.16544038686495907,0.9516506119682823,0.8345548837044119
0.113,1000000.0,165888.86617777514,0.001080653049502831,0.00012337628225985527,9.629377277143625e-07,4.7929286135971945e-06,0.04867444441766162,0.1661853835162053,0.9513245926446106,0.833809823555181
0.115,1000000.0,165875.9133247742,0.0010829136650517292,0.00012564103033115405,9.780347186577414e-07,4.857840023043551e-06,0.04900307432943571,0.16693436969378883,0.9509959476358456,0.8330607724661887
0.117,1000000.0,165862.72551078073,0.001085178413123028,0.00012790995197405205,9.935117220248893e-07,4.924204326713922e-06,0.04933434870738973,0.16768735901679194,0.9506646577808884,0.8323077167788804
0.119,1000000.0,165849.30224476306,0.001087447334765926,0.00013018308859213121,1.0093805484599897e-06,4.992062247618062e-06,0.04966828677441508,0.16844436499058096,0.9503307038450364,0.8315506429471712
0.121,1000000.0,165835.64303022038,0.0010897204713840051,0.0001324604819453837,1.0256534216215774e-06,5.0614558045547176e-06,0.05000490782552788,0.1692054010037863,0.9499940665210505,0.8307895375404083
0.123,1000000.0,165821.74736513625,0.0010919978647372576,0.0001347421741522268,1.0423429937176963e-06,5.132428356689474e-06,0.05034423122675693,0.16997048032525947,0.9496547264302493,0.8300243872463844
0.125,1000000.0,165807.6147419321,0.0010942795569441007,0.00013702820769151273,1.059462361652335e-06,5.205024649740865e-06,0.05068627641399954,0.1707396161009979,0.9493126641236389,0.8292551788743525
0.127,1000000.0,165793.2446474202,0.0010965655904833867,0.00013931862540452042,1.0770250838078025e-06,5.279290863834702e-06,0.051031062891844746,0.17151282135105447,0.9489678600830715,0.8284818993580815
0.129,1000000.0,165778.63656275618,0.0010988560081963944,0.00014161347049694388,1.0950451974887146e-06,5.355274663087823e-06,0.05137861023236395,0.17229010896641156,0.9486202947224386,0.8277045357589257
0.131,1000000.0,165763.7899633915,0.0011011508532888178,0.00014391278654086353,1.1135372370542917e-06,5.43302524698581e-06,0.05172893807386791,0.173071491705838,0.9482699483888951,0.8269230752689148
0.133,1000000.0,165748.70431902516,0.0011034501693327375,0.0001462166174767077,1.132516252766778e-06,5.5125934036207975e-06,0.05208206611963039,0.17385698219271786,0.9479168013641168,0.8261375052138789
0.135,1000000.0,165733.3790935554,0.0011057540002685816,0.0001485250076152003,1.1519978303849012e-06,5.594031564858432e-06,0.05243801413657776,0.1746465929118583,0.947560833865592,0.8253478130565772
0.137,1000000.0,165717.81374503073,0.0011080623904070742,0.0001508380016392955,1.1719981115324803e-06,5.677393863505385e-06,0.05279680195394432,0.17544033620627209,0.9472020260479442,0.8245539863998644
0.139,1000000.0,165702.00772560076,0.0011103753844311694,0.00015315564460609765,1.1925338148735064e-06,5.762736192551605e-06,0.0531584494618928,0.1762382242739385,0.9468403580042923,0.8237560129898692
0.141,1000000.0,165685.96048146667,0.0011126930273979716,0.00015547798194876894,1.2136222581263017e-06,5.850116266564043e-06,0.05352297661009996,0.1770402691645395,0.946475809767642,0.8229538807191942
0.143,1000000.0,165669.6714528312,0.0011150153647406429,0.0001578050594784195,1.2352813809506654e-06,5.939593685311814e-06,0.05389040340630662,0.17784648277617612,0.9461083613123125,0.8221475776301385
0.145,1000000.0,165653.1400738483,0.0011173424422702934,0.00016013692338598363,1.257529768743324e-06,6.0312299997052956e-06,0.05426074991483206,0.17865687685206164,0.9457379925553993,0.8213370919179388
0.147,1000000.0,165636.36577257264,0.0011196743061778576,0.00016247362024407865,1.2803866773784072e-06,6.125088780135043e-06,0.054634036255052296,0.17947146297719407,0.9453646833582704,0.8205224119340261
0.149,1000000.0,165619.34797090822,0.0011220110030359526,0.00016481519700884708,1.3038720589311704e-06,6.221235687299419e-06,0.05501028259984183,0.18029025257500866,0.9449884135280993,0.8197035261893038
0.151,1000000.0,165602.08608455717,0.001124352579800721,0.0001671617010217814,1.3280065884247402e-06,6.319738545613175e-06,0.05538950917397877,0.18111325690400995,0.9446091628194327,0.8188804233574447
0.153,1000000.0,165584.57952296783,0.0011266990838136553,0.00016951318001153252,1.3528116916412562e-06,6.420667419292579e-06,0.05577173625251288,0.1819404870543815,0.9442269109357956,0.8180530922781992
0.155,1000000.0,165566.82768928257,0.0011290505628034065,0.00017186968209569628,1.3783095740404666e-06,6.524094691216462e-06,0.05615698415909586,0.1827719539445808,0.9438416375313301,0.8172215219607277
0.157,1000000.0,165548.82998028517,0.0011314070648875702,0.00017423125578258398,1.4045232508305847e-06,6.6300951446657844e-06,0.05654527326427434,0.18360766831791195,0.9434533222124748,0.8163857015869439
0.159,1000000.0,165530.585786348,0.001133768638574458,0.00017659794997297075,1.431476578237999e-06,6.738746048048598e-06,0.056936623983744515,0.18444764073908249,0.9430619445396774,0.8155456205148687
0.161,1000000.0,165512.09449137852,0.0011361353327648447,0.000178969813961824,1.459194286024344e-06,6.850127242720877e-06,0.0573310567765685,0.18529188159074264,0.9426674840291454,0.814701268282014
0.163,1000000.0,165493.35547276566,0.001138507196753698,0.0001813468974400115,1.4877020113013736e-06,6.964321234017886e-06,0.05772859214335216,0.1861404010700059,0.9422699201546364,0.8138526346087601
0.165,1000000.0,165474.36810132573,0.0011408842802318854,0.00018372925049598766,1.517026333696128e-06,7.081413285614984e-06,0.058129250624383684,0.18699320918495488,0.9418692323492827,0.8129997094017591
0.167,1000000.0,165455.1317412479,0.0011432666332878616,0.0001861169236174557,1.5471948119209911e-06,7.201491517341222e-06,0.0585330527977332,0.1878503157511319,0.9414654000074548,0.8121424827573511
0.169,1000000.0,165435.6457500394,0.0011456543064093296,0.00018850996769300863,1.5782360218054467e-06,7.324647006573385e-06,0.05894001927731273,0.1887117303880135,0.9410584024866655,0.8112809449649803
0.171,1000000.0,165415.90947847025,0.0011480473504848826,0.0001909084340137461,1.6101795958486212e-06,7.450973893343072e-06,0.05935017071089638,0.18957746251547133,0.9406482191095078,0.8104150865106354
0.173,1000000.0,165395.92227051765,0.00115044581680562,0.00019331237427486594,1.643056264354078e-06,7.580569489294156e-06,0.059763527778100484,0.1904475213502198,0.9402348291656352,0.8095448980802907
0.175,1000000.0,165375.68346331,0.0011528497570667399,0.00019572184057723254,1.676897898210801e-06,7.71353439063296e-06,0.06018011118832347,0.19132191590224915,0.9398182119137783,0.8086703705633599
0.177,1000000.0,165355.1923870705,0.0011552592233691065,0.0001981368854289176,1.711737553386872e-06,7.84997259521887e-06,0.06059994167864502,0.19220065497124902,0.9393983465838016,0.8077914950561559
0.179,1000000.0,165334.44836506038,0.0011576742682207915,0.00020055756174671574,1.7476095172050196e-06,7.989991623948293e-06,0.06102304001168471,0.1930837471430184,0.9389752123787981,0.806908262865358
0.181,1000000.0,165313.45071352177,0.0011600949445385897,0.00020298392285763363,1.7845493564719809e-06,8.133702646590539e-06,0.06144942697341936,0.19397120078586508,0.9385487884772242,0.8060206655114882
0.183,1000000.0,165292.19874162017,0.0011625213056495076,0.00020541602250034885,1.822593967536503e-06,8.281220612240226e-06,0.06187912337095924,0.19486302404699787,0.9381190540350732,0.8051286947323892
0.185,1000000.0,165270.6917513865,0.0011649534052922228,0.0002078539148266434,1.8617816283538166e-06,8.432664384556297e-06,0.06231215003028297,0.19575922484890618,0.9376859881880886,0.8042323424867092
0.187,1000000.0,165248.92903765882,0.0011673912976185173,0.00021029765440280736,1.9021520526375031e-06,8.588156881964418e-06,0.06274852779393053,0.19665981088573292,0.9372495700540169,0.8033316009573849
0.189,1000000.0,165226.90988802366,0.0011698350371946813,0.00021274729621101145,1.9437464461829255e-06,8.747825223005807e-06,0.06318827751865465,0.197564789619641,0.9368097787348991,0.8024264625551356
0.191,1000000.0,165204.63358275694,0.0011722846790028854,0.00021520289565065255,1.986607565449748e-06,8.911800877021935e-06,0.06363142007303006,0.19847416827716977,0.9363665933194044,0.8015169199219526
0.193,1000000.0,165182.09939476455,0.0011747402784425265,0.0002176645085396647,2.0307797784945442e-06,9.080219820371957e-06,0.06407797633502059,0.19938795384558958,0.9359199928852009,0.8006029659345895
0.195,1000000.0,165159.3065895224,0.0011772018913315386,0.00022013219111580021,2.0763091283481424e-06,9.253222698386273e-06,0.06452796718950393,0.20030615306924937,0.9354699565013677,0.7996845937080522
0.197,1000000.0,165136.25442501632,0.0011796695739076741,0.00022260600003787907,2.1232433989360865e-06,9.43095499326738e-06,0.06498141352575403,0.20122877244592013,0.9350164632308471,0.7987617965990866
0.199,1000000.0,165112.94215168135,0.001182143382829753,0.00022508599238700328,2.171632183644524e-06,9.613567198156697e-06,0.06543833623488075,0.2021558182231361,0.9345594921329357,0.797834568209666
0.201,1000000.0,165089.36901234085,0.0011846233751788772,0.00022757222566774013,2.221526956637884e-06,9.80121499759381e-06,0.0658987562072269,0.20308729639453318,0.9340990222658165,0.7969029023904688
0.203,1000000.0,165065.53424214502,0.001187109608459614,0.000230064757809268,2.2729811470389097e-06,9.994059454603022e-06,0.06636269432972242,0.20402321269618692,0.9336350326891305,0.7959667932443582
0.205,1000000.0,165041.4370685092,0.001189602140601142,0.00023256364716649268,2.3260502160860025e-06,1.0192267204650074e-05,0.06683017148319563,0.2049635726029469,0.9331675024665883,0.7950262351298479
0.207,1000000.0,165017.07671105166,0.0011921010299583666,0.00023506895252112042,2.3807917373873606e-06,1.0396010656721411e-05,0.06730120853964149,0.2059083813247775,0.9326964106686211,0.7940812226645658
0.209,1000000.0,164992.45238153113,0.0011946063353129944,0.0002375807330827021,2.4372654803961375e-06,1.0605468201786416e-05,0.06777582635944696,0.20685764380309454,0.9322217363750727,0.7931317507287031
0.211,1000000.0,164967.56328378382,0.001197118115874576,0.00024009904848963485,2.4955334972356983e-06,1.0820824428913341e-05,0.06825404578857301,0.20781136470710854,0.9317434586779296,0.7921778144684628
0.213,1000000.0,164942.4086136601,0.0011996364312815088,0.00024262395881013098,2.555660213009183e-06,1.104227034931845e-05,0.06873588765569373,0.20876954843016776,0.9312615566840934,0.7912194092994825
0.215,1000000.0,164916.98755896091,0.001202161341602005,0.00024515552454314356,2.6177125197328086e-06,1.127000362863884e-05,0.069221372769292,0.2097321990861109,0.9307760095181882,0.7902565309102606
0.217,1000000.0,164891.29929937355,0.0012046929073350175,0.0002476938066192598,2.6817598740378715e-06,1.1504228827728611e-05,0.06971052191471247,0.2106993205056188,0.9302867963254136,0.7892891752655533
0.219,1000000.0,164865.3430064073,0.0012072311894111337,0.00025023886640154725,2.747874398792034e-06,1.1745157652290016e-05,0.07020335585117085,0.21167091623257986,0.9297938962744303,0.7883173386097682
0.221,1000000.0,164839.11784332848,0.0012097762491934212,0.00025279076568636807,2.8161309887964246e-06,1.1993009211660962e-05,0.07069989530872058,0.21264698952045608,0.9292972885602907,0.787341017470332
0.223,1000000.0,164812.62296509536,0.001212328148478242,0.0002553495667041444,2.8866074207211514e-06,1.22480102870929e-05,0.0712001609851759,0.21362754332866526,0.9287969524074033,0.7863602086610478
0.225,1000000.0,164785.8575182924,0.0012148869494960184,0.0002579153321200907,2.9593844674482165e-06,1.2510395609863737e-05,0.07170417354299262,0.21461258031896574,0.92829286707254,0.7853749092854246
0.227,1000000.0,164758.82064106435,0.0012174527149119646,0.00026048812503489803,3.034546016997354e-06,1.2780408149583763e-05,0.07221195360610518,0.21560210285185705,0.9277850118478779,0.7843851167399929
0.229,1000000.0,164731.51146304977,0.001220025507826772,0.00026306800898537915,3.1121791962171902e-06,1.305829941306427e-05,0.07272352175672143,0.21659611298299106,0.9272733660640823,0.783390828717596
0.231,1000000.0,164703.92910531434,0.001222605391777253,0.00026565504794507104,3.192374499431164e-06,1.334432975413201e-05,0.07323889853207462,0.2175946124595943,0.926757909093426,0.7823920432106511
0.233,1000000.0,164676.0726802836,0.001225192430736945,0.00026824930632479086,3.2752259222350104e-06,1.3638768694786201e-05,0.07375810442113236,0.21859760271690817,0.9262386203529454,0.7813887585143967
0.235,1000000.0,164647.94129167555,0.0012277866891166648,0.00027085084897315165,3.3608311006502276e-06,1.3941895258108206e-05,0.07428115986126375,0.21960508487464078,0.9257154793076355,0.7803809732301009
0.237,1000000.0,164619.53403443258,0.0012303882317650256,0.00027345974117703173,3.4492914558458223e-06,1.425399831334891e-05,0.07480808523486378,0.22061705973343734,0.9251884654736804,0.7793686862682494
0.239,1000000.0,164590.84999465328,0.0012329971239689057,0.0002760760486619991,3.540712344648845e-06,1.4575376933633403e-05,0.07533890086593586,0.2216335277713674,0.9246575584217196,0.7783518968516989
0.241,1000000.0,164561.88824952365,0.001235613431453873,0.0002786998375926905,3.6352032160726985e-06,1.4906340766737818e-05,0.0758736270166324,0.22265448914043084,0.9241227377801515,0.7773306045188025
0.243,1000000.0,164532.64786724807,0.0012382372203845644,0.0002813311745731452,3.7328777741009815e-06,1.5247210419409175e-05,0.07641228388375369,0.22367994366308314,0.9235839832384722,0.7763048091264977
0.245,1000000.0,164503.12790697985,0.0012408685573650192,0.0002839701266470915,3.833854146973795e-06,1.5598317855715326e-05,0.07695489159520544,0.22470989082878284,0.9230412745506477,0.7752745108533612
0.247,1000000.0,164473.32741875137,0.0012435075094389654,0.00028661676129818753,3.938255063232834e-06,1.5960006809928994e-05,0.07750147020641512,0.22574432979055922,0.9224945915385216,0.7742397102026305
0.249,1000000.0,164443.2454434039,0.0012461541440900615,0.00028927114645021384,4.0462080347914376e-06,1.6332633214467293e-05,0.0780520396967074,0.2267832593616049,0.9219439140952578,0.7732004080051802
0.251,1000000.0,164412.88101251685,0.0012488085292420878,0.00029193335046721924,4.1578455473058504e-06,1.6716565643426138e-05,0.07860661996563913,0.2278266780118918,0.9213892221888135,0.7721566054224644
0.253,1000000.0,164382.23314833696,0.0012514707332590932,0.00029460344215361813,4.273305258134552e-06,1.711218577226739e-05,0.07916523082929391,0.22887458386481255,0.920830495865448,0.7711083039494149
0.255,1000000.0,164351.3008637068,0.001254140824945492,0.00029728149075424,4.392730202183291e-06,1.7519888854235914e-05,0.07972789201653684,0.22992697469384943,0.9202677152532609,0.7700555054172964
0.257,1000000.0,164320.0831619931,0.001256818873546114,0.000299967565954331,4.51626900594485e-06,1.7940084214103238e-05,0.08029462316522983,0.23098384791926926,0.9197008605657643,0.7689982119965165
0.259,1000000.0,164288.57903701448,0.001259504948746205,0.00030266173787950464,4.64407611005417e-06,1.8373195759855258e-05,0.08086544381840749,0.23204520060484984,0.9191299121054824,0.7679364261993905
0.261,1000000.0,164256.7874729691,0.0012621991206713786,0.0003053640770956473,4.776312000691628e-06,1.8819662512961847e-05,0.0814403734204146,0.2331110294546332,0.9185548502675848,0.7668701508828534
0.263,1000000.0,164224.70744436161,0.0012649014598875212,0.00030807465460876854,4.913143450179714e-06,1.927993915788892e-05,0.08201943131300493,0.23418133080971426,0.9179756555435448,0.7657993892511276
0.265,1000000.0,164192.33791592994,0.0012676120374006425,0.00031079354186480917,5.054743767131444e-06,1.9754496611534418e-05,0.0826026367314026,0.23525610064505678,0.9173923085248302,0.7647241448583316
0.267,1000000.0,164159.67784257155,0.001270330924656683,0.0003135208107493938,5.201293056522128e-06,2.024382261329441e-05,0.08319000880032551,0.2363353345663469,0.916804789906618,0.7636444216110394
0.269,1000000.0,164126.72616926947,0.0012730581935412677,0.0003162565335875369,5.352978490070146e-06,2.074842233648794e-05,0.0837815665299724,0.23741902780687893,0.9162130804915375,0.7625602237707848
0.271,1000000.0,164093.4818310178,0.0012757939163794108,0.0003190007831432982,5.5099945873267e-06,2.1268819021894552e-05,0.08437732881197309,0.23850717522447734,0.9156171611934396,0.761471555956501
0.273,1000000.0,164059.94375274685,0.0012785381659351721,0.00032175363261938877,5.672543507889436e-06,2.1805554634183387e-05,0.08497731441530303,0.23959977129845567,0.9150170130411891,0.7603784231469098
0.275,1000000.0,164026.11084924807,0.0012812910154112627,0.0003245151556567253,5.8408353551702075e-06,2.2359190542038992e-05,0.08558154198216264,0.24069681012661379,0.9144126171824821,0.759280830682844
0.277,1000000.0,163991.98202509826,0.0012840525384485992,0.0003272854263339384,6.015088492163229e-06,2.2930308222815532e-05,0.0861900300238217,0.24179828542227227,0.9138039548876862,0.7581787842695049
0.279,1000000.0,163957.5561745837,0.0012868228091258123,0.00033006451916682805,6.195529869676336e-06,2.351950999257918e-05,0.0868027969164298,0.24290419051134818,0.9131910075537005,0.7570722899786592
0.281,1000000.0,163922.83218162382,0.001289601901958702,0.0003328525091077715,6.382395367505143e-06,2.4127419762426713e-05,0.08741986089679317,0.24401451832947108,0.9125737567078394,0.7559613542507666
0.283,1000000.0,163887.80891969433,0.0012923898918996454,0.0003356494715450795,6.575930149047525e-06,2.475468382199786e-05,0.08804124005811861,0.2451292614191421,0.9119521840117324,0.7548459838970359
0.285,1000000.0,163852.48525175016,0.0012951868543369534,0.00033845548230230723,6.776389029874118e-06,2.5401971651128832e-05,0.08866695234572536,0.24624841192693384,0.9113262712652448,0.7537261861014148
0.287,1000000.0,163816.86003014792,0.0012979928650941812,0.00034127061763751206,6.984036860789344e-06,2.6069976760626412e-05,0.08929701555272525,0.24737196160073685,0.9106960004104139,0.7526019684225027
0.289,1000000.0,163780.93209656794,0.001300808000429386,0.0003440949542424667,7.19914892593706e-06,2.675941756317312e-05,0.08993144731567222,0.24849990178704867,0.910061353535402,0.7514733387953881
0.291,1000000.0,163744.70028193595,0.0013036323370343406,0.00034692856924182244,7.422011356524999e-06,2.7471038275407764e-05,0.09057026511018162,0.24963222342830987,0.9094223128784619,0.7503403055334148
0.293,1000000.0,163708.16340634442,0.0013064659520336964,0.0003497715401922244,7.652921560763084e-06,2.820560985225943e-05,0.09121348624652012,0.2507689170602871,0.9087788608319192,0.7492028773298607
0.295,1000000.0,163671.32027897344,0.0013093089229840984,0.00035262394508138136,7.892188670632198e-06,2.8963930954647756e-05,0.09186112786516726,0.25190997280950256,0.9081309799461621,0.7480610632595428
0.297,1000000.0,163634.1696980112,0.0013121613278732553,0.0003554858623270879,8.140134006122254e-06,2.9746828951698773e-05,0.09251320693234891,0.25305538039071274,0.907478652933645,0.7469148727803353
0.299,1000000.0,163596.71045057406,0.0013150232451189618,0.00035835737077620034,8.397091557601383e-06,3.055516095866252e-05,0.0931697402355439,0.254205129104437,0.9068218626728984,0.7457643157346044
0.301,1000000.0,163558.94131262638,0.0013178947535680743,0.00036123854970356993,8.663408487001868e-06,3.138981491175645e-05,0.09383074437896459,0.2553592078345343,0.9061605922125485,0.7446094023505538
0.303,1000000.0,163520.86104889968,0.0013207759324954439,0.0003641294788109289,8.939445648532901e-06,3.225171068119864e-05,0.09449623577901174,0.25651760504583293,0.9054948247753397,0.7434501432434856
0.305,1000000.0,163482.4684128116,0.0013236668616028028,0.0003670302382257339,9.225578129655623e-06,3.314180122373443e-05,0.09516623065970545,0.2576803087818104,0.9048245437621648,0.7422865494169656
0.307,1000000.0,163443.76214638443,0.0013265676210176078,0.0003699409084999683,9.522195813082105e-06,3.406107377600197e-05,0.09584074504809197,0.2588473066623262,0.9041497327560949,0.7411186322638977
0.309,1000000.0,163404.74098016307,0.0013294782912918422,0.0003728615706089024,9.829703960586806e-06,3.5010551090124806e-05,0.09651979476962833,0.2600185858814063,0.9034703755264111,0.7399464035675035
0.311,1000000.0,163365.40363313284,0.0013323989534007763,0.0003757923059498105,1.0148523819447082e-05,3.599129271296383e-05,0.09720339544354475,0.2611941332050836,0.9027864560326357,0.7387698755022032
0.313,1000000.0,163325.74881263668,0.0013353296887416845,0.0003787331963406537,1.0479093252357985e-05,3.700439631050493e-05,0.09789156247818673,0.26237393496928924,0.9020979584285609,0.7375890606344003
0.315,1000000.0,163285.77521429193,0.0013382705791325277,0.000381684324018721,1.082186739169629e-05,3.8050999038906686e-05,0.09858431106633667,0.2635579770778001,0.9014048670662717,0.736403971923161
0.317,1000000.0,163245.48152190686,0.001341221706810595,0.00038464577163923447,1.1177319319039421e-05,3.913227896377867e-05,0.09928165618051694,0.26474624500024224,0.900707166500164,0.7352146227207941
0.319,1000000.0,163204.86640739653,0.0013441831544311084,0.00038761762227392026,1.1545940770876427e-05,4.024945652931035e-05,0.09998361256827513,0.2659387237701479,0.900004841490954,0.7340210267733224
0.321,1000000.0,163163.92853069847,0.0013471550050657942,0.0003905999594095449,1.1928242871480829e-05,4.1403796078921184e-05,0.100690194747452,0.2671353979830694,0.8992978770096764,0.7328231982208516
0.323,1000000.0,163122.6665396877,0.0013501373422014188,0.00039359286694642113,1.2324756893948822e-05,4.259660742915343e-05,0.10140141700143367,0.26833625179474835,0.8985862582416724,0.7316211515978224
0.325,1000000.0,163081.07907009148,0.001353130249738295,0.0003965964291968825,1.273603505044085e-05,4.382924749858281e-05,0.10211729337438893,0.26954126891934177,0.8978699705905606,0.7304149018331597
0.327,1000000.0,163039.16474540354,0.0013561338119887564,0.0003996107308837292,1.3162651312700491e-05,4.5103121993576406e-05,0.10283783766649257,0.2707504326277046,0.8971489996821947,0.7292044642503019
0.329,1000000.0,162996.9221767979,0.0013591481136756031,0.0004026358571386472,1.3605202263961308e-05,4.641968715278275e-05,0.10356306342913583,0.2719637257457298,0.8964233313686003,0.7279898545671173
0.331,1000000.0,162954.34996304216,0.0013621732399305211,0.00040567189350060545,1.4064307983390345e-05,4.7780451552296585e-05,0.10429298396012532,0.27318113065274335,0.8956929517318912,0.7267710888957043
0.333,1000000.0,162911.4466904104,0.0013652092762924794,0.00040871892591422927,1.454061296425608e-05,4.918697797349973e-05,0.10502761229887085,0.274402629279957,0.894957847088165,0.7255481837420693
0.335,1000000.0,162868.21093259563,0.0013682563087061032,0.00041177704072815305,1.5034787067048946e-05,5.064088533563988e-05,0.10576696122156375,0.27562820310897856,0.8942180039913692,0.7243211560056858
0.337,1000000.0,162824.64125062164,0.001371314423520027,0.0004148463246933571,1.554752650882413e-05,5.2143850695270505e-05,0.10651104323634666,0.27685783317037743,0.8934734092371446,0.7230900229789274
0.339,1000000.0,162780.7361927546,0.001374383707485231,0.0004179268649614898,1.607955489007904e-05,5.3697611314738974e-05,0.10725987057847577,0.2780915000423073,0.8927240498666342,0.7218548023463778
0.341,1000000.0,162736.49429441386,0.0013774642477533637,0.000421018749083178,1.6631624260521958e-05,5.530396680197506e-05,0.10801345520547655,0.27932918384918404,0.8919699131702629,0.7206155121840137
0.343,1000000.0,162691.91407808263,0.001380556131875052,0.0004241220650063254,1.7204516225133685e-05,5.696478132389891e-05,0.10877180879229417,0.28057086426042127,0.8912109866914806,0.7193721709582547
0.345,1000000.0,162646.9940532178,0.0013836594477981993,0.00042723690107440823,1.779904309197086e-05,5.8681985895834944e-05,0.10953494272643988,0.2818165204892194,0.8904472582304681,0.7181247975248845
0.347,1000000.0,162601.73271615943,0.0013867742838662822,0.00043036334602476517,1.8416049063207315e-05,6.045758074938968e-05,0.11030286810313387,0.28306613129141095,0.8896787158478029,0.7168734111278398
0.349,1000000.0,162556.12855003978,0.001389900728816639,0.0004335014889868908,1.905641147095978e-05,6.22936377813215e-05,0.11107559572044652,0.28431967496435795,0.8889053478680825,0.7156180313978606
0.351,1000000.0,162510.18002469157,0.0013930388717787647,0.0004366514194807282,1.972104205949458e-05,6.419230308600616e-05,0.11185313607443809,0.28557712934590634,0.8881271428835024,0.7143586783510077
0.353,1000000.0,162463.88559655604,0.0013961888022726021,0.00043981322741497287,2.041088831546484e-05,6.615579957417435e-05,0.11263549935429919,0.28683847181338984,0.8873440897573854,0.7130953723870358
0.355,1000000.0,162417.24370859007,0.0013993506102068468,0.00044298700308538464,2.1126934847881087e-05,6.818642968067736e-05,0.1134226954374919,0.2881036792826882,0.8865561776276601,0.7118281342876308
0.357,1000000.0,162370.2527901731,0.0014025243858772586,0.0004461728371731177,2.187020481957378e-05,7.02865781641135e-05,0.1142147338848935,0.28937272820733445,0.8857633959102869,0.7105569852145015
0.359,1000000.0,162322.91125701324,0.0014057102199649917,0.00044937082074306665,2.264176143196303e-05,7.245871500123044e-05,0.11501162393594332,0.2906455945776739,0.8849657343026248,0.7092819467073247
0.361,1000000.0,162275.21751105282,0.0014089082035349406,0.00045258104524223614,2.3442709465009344e-05,7.470539837910043e-05,0.11581337450379409,0.29192225392007204,0.8841631827867409,0.708003040681549
0.363,1000000.0,162227.16994037342,0.00141211842803411,0.00045580360249814205,2.4274196874279386e-05,7.702927778814874e-05,0.11661999417046885,0.29320268129616717,0.8833557316326569,0.7067202894260447
0.365,1000000.0,162178.76691910034,0.001415340985290016,0.00045903858471723973,2.5137416447122138e-05,7.943309721920504e-05,0.11743149118202387,0.2944868513021737,0.882543371401529,0.7054337156006067
0.367,1000000.0,162130.00680730614,0.0014185759675091137,0.00046228608448339447,2.6033607520014973e-05,8.191969846783176e-05,0.11824787344371973,0.2957747380682262,0.8817260929487601,0.7041433422333059
0.369,1000000.0,162080.88795091395,0.0014218234672752684,0.0004655461947563915,2.6964057759203454e-05,8.449202454927749e-05,0.11906914851520017,0.29706631525776905,0.8809038874270406,0.7028491927176818
0.371,1000000.0,162031.40868159983,0.0014250835775482655,0.0004688190088704944,2.7930105006826295e-05,8.715312322749315e-05,0.11989532360568098,0.29836155606698733,0.8800767462893122,0.7015512908097853
0.373,1000000.0,161981.56731669448,0.0014283563916623683,0.0004721046205330583,2.8933139194785173e-05,8.99061506617437e-05,0.12072640556914901,0.29966043322427544,0.8792446612916562,0.7002496606250629
0.375,1000000.0,161931.36215908438,0.0014316420033249322,0.0004754031238231995,2.9974604328689672e-05,9.275437517444511e-05,0.12156240089957235,0.3009629189897467,0.878407624496099,0.6989443266350785
0.377,1000000.0,161880.79149711216,0.0014349405066150735,0.00047871461319053067,3.105600054428006e-05,9.57011811439533e-05,0.1224033157261232,0.3022689851547777,0.8775656282733325,0.6976353136640783
0.379,1000000.0,161829.8536044762,0.0014382519959824046,0.0004820391834539692,3.2178886238804635e-05,9.87500730261324e-05,0.12324915580841382,0.3035786030415839,0.8767186653053474,0.6963226468853899
0.381,1000000.0,161778.54674012947,0.0014415765662458432,0.0004853769298006214,3.334488027990465e-05,0.00010190467950863295,0.1240999265317459,0.30489174350282944,0.8758667285879742,0.6950063518176618
0.383,1000000.0,161726.86914817776,0.0014449143125924953,0.0004887279477847497,3.4555664294637754e-05,0.00010516875780191412,0.1249556329023753,0.3062083769212655,0.87500981143333,0.6936864543209327
0.385,1000000.0,161674.81905777685,0.0014482653305766236,0.0004920923333268334,3.581298504135098e-05,0.00010854619807115028,0.12581627954279237,0.30752847320939414,0.8741479074721663,0.6923629805925345
0.387,1000000.0,161622.39468302907,0.0014516297161187074,0.000495470182712727,3.711865686719636e-05,0.00011204102801327165,0.12668187068701833,0.30885200180915573,0.8732810106561144,0.6910359571628311
0.389,1000000.0,161569.59422287895,0.001455007565504601,0.0004988615925929229,3.847456425416603e-05,0.00011565741758349925,0.12755241017591873,0.31017893169163835,0.8724091152598272,0.6897054108907782
0.391,1000000.0,161516.415861008,0.0014583989753847969,0.0005022666599819287,3.988266445661033e-05,0.00011939968387584644,0.12842790145253455,0.31150923135680464,0.8715322158830089,0.6883713689593196
0.393,1000000.0,161462.8577657286,0.0014618040427738027,0.0005056854822577665,4.134499023328987e-05,0.0001232722961621745,0.129308347557432,0.31284286883323376,0.8706503074523347,0.6870338588706039
0.395,1000000.0,161408.91808987703,0.0014652228650496404,0.0005091181571615998,4.2863652677103586e-05,0.00012727988109450766,0.13019375112407083,0.31417981167787473,0.869763385223252,0.6856929084410306
0.397,1000000.0,161354.59497070537,0.0014686555399534738,0.0005125647827975028,4.44408441457266e-05,0.0001314272280754298,0.13108411437419207,0.3155200269758074,0.8688714447816622,0.684348545796117
0.399,1000000.0,161299.8865297727,0.0014721021655893767,0.0005160254576323725,4.607884129648687e-05,0.0001357192948015085,0.13197943911322568,0.31686348134000913,0.8679744820454778,0.6830007993651892
0.401,1000000.0,161244.790872835,0.0014755628404242464,0.0005195002804959998,4.778000822890591e-05,0.00014016121298481398,0.1328797267257185,0.31821014091112315,0.8670724932660526,0.6816496978758918
0.403,1000000.0,161189.30608973437,0.0014790376632878737,0.0005229893505813065,4.9546799738428424e-05,0.00014475829425772595,0.13378497817078294,0.3195599713572216,0.8661654750294786,0.6802952703485209
0.405,1000000.0,161133.4302542867,0.0014825267333731804,0.0005264927674447573,5.138176468496644e-05,0.00014951603626634866,0.13469519397756619,0.3209129378735646,0.8652534242577489,0.6789375460901691
0.407,1000000.0,161077.1614241687,0.0014860301502366312,0.0005300106310069593,5.3287549479987396e-05,0.00015444012895798464,0.13561037424074118,0.3222690051823466,0.864336338209779,0.6775765546886953
0.409,1000000.0,161020.49764080349,0.0014895480137988332,0.0005335430415534564,5.526690169598148e-05,0.00015953646106824725,0.13653051861601814,0.32362813753242803,0.8634142144822858,0.6762123260065035
0.411,1000000.0,160963.4369292451,0.0014930804243453303,0.0005370900997357326,5.732267380225122e-05,0.00016481112681352797,0.13745562631567812,0.32499029869904744,0.8624870510105196,0.6748448901741388
0.413,1000000.0,160905.9772980618,0.0014966274825276066,0.0005406519065724358,5.945782703107737e-05,0.00017027043279466638,0.13838569610412754,0.3263554519835079,0.8615548460688414,0.6734742775836974
0.415,1000000.0,160848.1167392181,0.0015001892893643097,0.0005442285634508294,6.167543537842723e-05,0.00017592090511781244,0.13932072629347414,0.32772356021283505,0.8606175982711475,0.6721005188820472
0.417,1000000.0,160789.85322795546,0.0015037659462427033,0.0005478201721284863,6.397868974348743e-05,0.00018176929673860634,0.14026071473912388,0.3290945857394025,0.8596753065711327,0.6707236449638588
0.419,1000000.0,160731.18472267166,0.0015073575549203603,0.0005514268347352416,6.637090221141989e-05,0.00018782259503594202,0.14120565883539943,0.33046849044051435,0.8587279702623891,0.6693436869644498
0.421,1000000.0,160672.1091647988,0.0015109642175271155,0.0005550486537754096,6.885551048385997e-05,0.00019408802962172714,0.14215555551117845,0.33184523571794566,0.8577755889783377,0.6679606762524327
0.423,1000000.0,160612.6244786798,0.0015145860365672835,0.0005586857321302848,7.143608246179812e-05,0.00020057308039319257,0.14311040122555238,0.3332247824974311,0.8568181626919859,0.6665746444221758
0.425,1000000.0,160552.72857144347,0.0015182231149221588,0.0005623381730609358,7.411632098561058e-05,0.0002072854858344533,0.14407019196350512,0.3346070912280984,0.8558556917155093,0.665185623286067
0.427,1000000.0,160492.41933287808,0.0015218755558528098,0.000566006080211309,7.690006873713194e-05,0.0002142332515741698,0.14503492323161038,0.33599212188183997,0.8548881766996524,0.6637936448665858
0.429,1000000.0,160431.69463530314,0.001525543463003183,0.0005696895576116574,7.979131330879172e-05,0.00022142465920630802,0.1460045900537478,0.33737983395261506,0.8539156186329434,0.6623987413881786
0.431,1000000.0,160370.55233343976,0.0015292269404035314,0.0005733887096823058,8.279419244496867e-05,0.0002288682753811485,0.14697918696683626,0.33877018645567947,0.8529380188407187,0.6610009452689392
0.433,1000000.0,160308.99026427921,0.0015329260924741798,0.0005771036412377718,8.591299946085083e-05,0.0002365729611738464,0.14795870801658392,0.34016313792673303,0.8519553789839551,0.6596002891120931
0.435,1000000.0,160247.0062469497,0.0015366410240296457,0.0005808344574912578,8.915218884422597e-05,0.0002445478817379969,0.14894314675325393,0.3415586464209799,0.8509677010579019,0.658196805697282
0.437,1000000.0,160184.59808258124,0.0015403718402831317,0.0005845812640595274,9.251638204576526e-05,0.00025280251625182004,0.1499324962274443,0.3429566695120955,0.8499749873905099,0.6567905279716525
0.439,1000000.0,160121.7635541689,0.0015441186468514014,0.000588344166968187,9.60103734635051e-05,0.00026134666816472844,0.15092674898588138,0.3443571642910918,0.848977240640655,0.6553814890407433
0.441,1000000.0,160058.50042643372,0.001547881549760061,0.0005921232726573902,9.963913662737479e-05,0.0002701904757522024,0.15192589706722479,0.3457600873650722,0.8479744637961478,0.6539697221591754
0.443,1000000.0,159994.80644568198,0.0015516606554492642,0.0005959186879879785,0.00010340783058976313,0.0002793444229870578,0.1529299319978824,0.3471653948558732,0.8469666601715278,0.6525552607211396
0.445,1000000.0,159930.67933966205,0.0015554560707798524,0.0005997305202480821,0.00010732180652826679,0.00028881935073534284,0.15393884478783434,0.3485730423985804,0.8459538334056373,0.6511381382506841
0.447,1000000.0,159866.1168174192,0.001559267903039956,0.0006035588771601969,0.0001113866145669112,0.0002986264682852673,0.1549526259264634,0.34998298513991355,0.8449359874589697,0.6497183883918013
0.449,1000000.0,159801.11656914832,0.0015630962599520709,0.00060740386688876,0.00011560801082228875,0.0003087773652177215,0.15597126537839043,0.35139517773647205,0.8439131266107873,0.6482960448983102
0.451,1000000.0,159735.67626604388,0.0015669412496806339,0.0006112655980482377,0.0001199919646812127,0.000319284023627109,0.15699475257931267,0.3528095743528333,0.8428852554560061,0.6468711416235395
0.453,1000000.0,159669.793560148,0.0015708029808401117,0.0006151441797117584,0.0001245446663166427,0.0003301588307013678,0.15802307643184232,0.3542261286594931,0.8418523789018411,0.6454437125098055
0.455,1000000.0,159603.46608419562,0.0015746815625036323,0.0006190397214202984,0.00012927253444879505,0.0003414145916702273,0.1590562253013436,0.3556447938306425,0.8408145021642076,0.6440137915776872
0.457,1000000.0,159536.6914514572,0.0015785771042121724,0.000622952333192454,0.000134182224358513,0.0003530645431308957,0.16009418701176523,0.3570655225417704,0.8397716307638763,0.6425814129150986
0.459,1000000.0,159469.467255579,0.0015824897159843279,0.0006268821255348138,0.00013928063616013359,0.0003651223667605434,0.1611369488414659,0.3584882669670833,0.8387237705223739,0.6411466106661561
0.461,1000000.0,159401.79107042,0.0015864195083266878,0.000630829209452963,0.00014457492334125246,0.00037760220342509637,0.16218449751903022,0.35991297877673223,0.8376709275576285,0.6397094190198426
0.463,1000000.0,159333.6604498867,0.001590366592244837,0.0006347936964631358,0.0001500725015769535,0.0003905186676940216,0.1632368192190713,0.36133960913383883,0.8366131082793518,0.638269872198467
0.465,1000000.0,159265.07292776418,0.0015943310792550097,0.0006387756986045457,0.0001557810578262385,0.00040388686277093553,0.16429389955801746,0.36276810869131004,0.8355503193841562,0.636828004445919
0.467,1000000.0,159196.02601754476,0.0015983130813964196,0.0006427753284524187,0.00016170855971856063,0.0004177223958500249,0.16535572358987968,0.36419842758843046,0.8344825678504018,0.6353838500157195
0.469,1000000.0,159126.51721225295,0.0016023127112442927,0.0006467926991317517,0.00016786326523853573,0.0004320413939084263,0.16642227580199606,0.3656305154472246,0.8334098609327655,0.6339374431588668
0.471,1000000.0,159056.54398426745,0.0016063300819236256,0.0006508279243318279,0.00017425373271707858,0.0004468605199448544,0.16749354011074927,0.36706432136857664,0.8323322061565336,0.6324888181114785
0.473,1000000.0,158986.1037851395,0.0016103653071237018,0.0006548811183215141,0.0001808888311373822,0.00046219698967492757,0.168569499857254,0.3684997939280978,0.8312496113116087,0.6310380090822271
0.475,1000000.0,158915.19404540793,0.001614418501113388,0.0006589523959653673,0.00018777775076433487,0.00047806858869377955,0.16965013780300933,0.3699368811717314,0.8301620844462263,0.6295850502395749
0.477,1000000.0,158843.8121744102,0.0016184897787572413,0.0006630418727405848,0.0001949300141061414,0.0004944936901166906,0.17073543612551242,0.37137553061108225,0.8290696338603815,0.628129975698801
0.479,1000000.0,158771.9555600901,0.0016225792555324588,0.0006671496647548154,0.00020235548721709375,0.0005114912727086206,0.17182537641382845,0.3728156892184649,0.8279722680989544,0.6266728195088266
0.481,1000000.0,158699.62156880109,0.0016266870475466894,0.0006712758887648822,0.00021006439135061065,0.000529080939513643,0.17291993966411334,0.3742573034216498,0.826869995944536,0.6252136156388365
0.483,1000000.0,158626.80754510584,0.001630813271556756,0.0006754206621964262,0.00021806731497184156,0.0005472829369954368,0.17401910627508244,0.37570031909830665,0.8257628264099457,0.623752397964698
0.485,1000000.0,158553.51081157158,0.0016349580449883001,0.0006795841031645222,0.00022637522613930958,0.0005661181747000988,0.175122856043422,0.3771446815701248,0.8246507687304387,0.622289200255175
0.487,1000000.0,158479.72866856089,0.0016391214859563961,0.0006837663304952844,0.00023499948526524092,0.000585608245452677,0.17623116815913717,0.378590335596604,0.8235338323555975,0.6208240561579433
0.489,1000000.0,158405.45839401815,0.0016433037132871583,0.0006879674637485089,0.0002439518582644089,0.0006057754460989316,0.17734402120083095,0.3800372253684999,0.8224120269409047,0.6193569991854012
0.491,1000000.0,158330.69724325137,0.0016475048465403829,0.0006921876232413769,0.00025324453010149234,0.0006266427988039514,0.17846139313090903,0.3814852945009152,0.8212853623389895,0.6178880627002808
0.493,1000000.0,158255.44244870907,0.0016517250060332509,0.0006964269300732622,0.00026289011874712585,0.0006482340729193466,0.17958326129070407,0.38293448602602065,0.8201538485905487,0.6164172799010601
0.495,1000000.0,158179.69121975216,0.0016559643128651361,0.0007006855061516762,0.0002729016895529918,0.0006705738074308449,0.18070960239551317,0.3843847423853956,0.8190174959149339,0.6149446838071735
0.497,1000000.0,158103.44074242082,0.00166022288894355,0.000704963474219386,0.000283292770056477,0.0006936873339982055,0.18184039252954265,0.38583600542197555,0.8178763147004009,0.6134703072440262
0.499,1000000.0,158026.68817919592,0.0016645008570112599,0.00070926095788275,0.0002940773652255886,0.0007176008005994398,0.18297560714075337,0.38728821637159067,0.816730315494021,0.6119941828278097
0.501,1000000.0,157949.43066875488,0.001668798340674624,0.0007135780816413029,0.00030526997315498975,0.000742341195791408,0.18411522103559946,0.3887413158540859,0.8155795089912455,0.6105163429501227
0.503,1000000.0,157871.66532572193,0.0016731154644331768,0.0007179149709186373,0.0003168856012241862,0.0007679363735989167,0.18525920837365367,0.3901952438640065,0.8144239060251222,0.6090368197623948
0.505,1000000.0,157793.38924041233,0.0016774523537105113,0.0007222717520946163,0.0003289397827290547,0.000794415079044499,0.18640754266211224,0.3916499397608384,0.8132635175551588,0.6075556451601172
0.507,1000000.0,157714.59947857066,0.0016818091348864903,0.0007266485525389681,0.00034144859399806867,0.0008218069743310863,0.18756019675017135,0.3931053422587852,0.8120983546558307,0.6060728507668837
0.509,1000000.0,157635.2930811025,0.001686185935330842,0.000731045500646295,0.0003544286720047276,0.0008501426656898314,0.1887171428232677,0.394561389416074,0.8109284285047276,0.6045884679182361
0.511,1000000.0,157555.46706379994,0.001690582883438169,0.0007354627258725519,0.00036789723248785807,0.0008794537309053256,0.18987835239717535,0.39601801862377084,0.8097537503703368,0.6031025276453239
0.513,1000000.0,157475.11841705992,0.0016950001086644259,0.0007399003587730345,0.00038187208859159424,0.0009097727475304842,0.19104379631194984,0.39747516659409365,0.8085743315994586,0.6016150606583758
0.515,1000000.0,157394.24410559595,0.0016994377415649085,0.0007443585310419181,0.0003963716700369948,0.0009411333218033438,0.19221344472571203,0.39893276934821215,0.807390183604251,0.6001260973299846
0.517,1000000.0,157312.84106814236,0.001703895913833792,0.0007488373755534073,0.00041141504283739085,0.0009735701182779817,0.19338726710826298,0.4003907622035136,0.8062013178488997,0.5986356676782084
0.519,1000000.0,157230.90621715115,0.0017083747583452812,0.0007533370264045325,0.0004270219295696878,0.001007118890181734,0.19456523223451985,0.4018490797603265,0.8050077458359105,0.5971438013494917
0.521,1000000.0,157148.43643848115,0.0017128744091964064,0.0007578576189596528,0.0004432127302139743,0.001041816510510811,0.19574730817776498,0.4033076558880831,0.803809479092021,0.595650527601406
0.523,1000000.0,157065.4285910792,0.0017173950017515267,0.0007623992898967052,0.00046000854357390527,0.0010777010038763362,0.19693346230269757,0.4047664237109106,0.8026065291537285,0.5941558752852131
0.525,1000000.0,156981.87950665297,0.0017219366726885792,0.0007669621772552656,0.0004774311892904404,0.0011148115791127188,0.19812366125827954,0.40622531559263214,0.80139890755243,0.592659872828255
0.527,1000000.0,156897.78598933542,0.0017264995600471396,0.0007715464204864595,0.0004955032304616172,0.0011531886626601527,0.19931787097036427,0.40768426312116757,0.8001866257991741,0.5911625482161722
0.529,1000000.0,156813.14481534026,0.0017310838032783334,0.0007761521605047893,0.0005142479968811323,0.0011928739327328852,0.20051605663409947,0.4091431970923148,0.7989696953690194,0.5896639289749522
0.531,1000000.0,156727.95273260848,0.0017356895432966632,0.0007807795397419256,0.0005336896089085871,0.0012339103542847172,0.20171818270609265,0.410602047492901,0.7977481276849987,0.5881640421528143
0.533,1000000.0,156642.2064604454,0.0017403169225337996,0.0007854287022025197,0.0005538530019843239,0.001276342214783018,0.20292421289632934,0.41206074348328925,0.7965219341016864,0.5866629143019277
0.535,1000000.0,156555.90268914797,0.0017449660849943936,0.0007900997935220993,0.0005747639518018397,0.001320215160802279,0.2041341101598336,0.41351921337922026,0.7952911258883646,0.5851605714599775
0.537,1000000.0,156469.0380796221,0.0017496371763139733,0.0007947929610271012,0.0005964491001508097,0.0013655762354480205,0.205347836688058,0.41497738463298356,0.7940557142117912,0.5836570391315684
0.539,1000000.0,156381.6092629896,0.0017543303438189752,0.0007995083537971024,0.0006189359814437914,0.0014124739166215367,0.20656535389999423,0.41643518381389655,0.792815710118562,0.5821523422694818
0.541,1000000.0,156293.61284018433,0.0017590457365889763,0.0008042461227293099,0.0006422530499396894,0.0014609581561356843,0.20778662243299093,0.4178925365880817,0.7915711245170693,0.5806465052557825
0.543,1000000.0,156205.04538153752,0.0017637835055211838,0.0008090064206053746,0.0006664297076770772,0.0015110804196915453,0.20901160213326828,0.4193493676975242,0.7903219681590546,0.5791395518827841
0.545,1000000.0,156115.90342635143,0.0017685438033972485,0.0008137894021605869,0.0006914963331304469,0.0015628937277254254,0.2102402520461165,0.42080560093839936,0.789068251620753,0.5776315053338752
0.547,1000000.0,156026.18348246132,0.0017733267849524609,0.0008185952241555266,0.0007174843106024368,0.0016164526971352113,0.21147253040576705,0.4222611591386521,0.7878099852836306,0.5761223881642128
0.549,1000000.0,155935.8820257853,0.0017781326069474005,0.0008234240454502213,0.0007444260603650285,0.0016718135838946749,0.21270839462492327,0.42371596413481993,0.7865471793147117,0.5746122222812854
0.551,1000000.0,155844.99549986157,0.0017829614282420952,0.0008282760270808938,0.0007723550695626433,0.0017290343265637693,0.21394780128393917,0.4251699367480806,0.7852798436464982,0.5731010289253555
0.553,1000000.0,155753.52031537265,0.0017878134098727677,0.0008331513323393548,0.0008013059238899693,0.0017881745907024587,0.21519070611963256,0.426622996759515,0.7840079879564774,0.5715888286497824
0.555,1000000.0,155661.45284965637,0.0017926887151312287,0.0008380501268551189,0.0008313143400572411,0.0018492958141949954,0.21643706401372045,0.4280750628845699,0.7827316216462222,0.570075641301235
0.557,1000000.0,155568.78944620292,0.0017975875096469928,0.0008429725786803069,0.0008624171990555513,0.0019124612534909447,0.2176868289808632,0.4295260527467107,0.7814507538200812,0.5685614859997983
0.559,1000000.0,155475.5264141377,0.0018025099614721808,0.0008479188583774122,0.0008946525802346137,0.001977736030768551,0.21893995415630485,0.430975882850249,0.7801653932634605,0.5670463811189823
0.561,1000000.0,155381.66002768953,0.0018074562411692862,0.000852889139110002,0.0009280597962052038,0.002045187182025294,0.2201963917830961,0.4324244685523344,0.7788755484206986,0.5655303442656403
0.563,1000000.0,155287.18652564354,0.001812426521901876,0.0008578835967364256,0.0009626794285782764,0.002114883706099704,0.22145609319888593,0.4338717240340989,0.7775812273725358,0.5640133922598014
0.565,1000000.0,155192.10211077856,0.0018174209795282995,0.0008629024099066071,0.0009985533645525213,0.0021868966146276324,0.22271900882226922,0.4353175622709442,0.7762824378131783,0.5624955411144281
0.567,1000000.0,155096.4029492884,0.001822439792698481,0.0008679457601619953,0.0010357248343618242,0.0022612989829352624,0.22398508813867676,0.43676189500195955,0.7749791870269613,0.5609768060151054
0.569,1000000.0,155000.0851701863,0.0018274831429538692,0.0008730138320387548,0.0010742384495937842,0.0023381660018701542,0.22525427968579317,0.4382046326984603,0.7736714818646131,0.5594572012996696
0.571,1000000.0,154903.14486469238,0.0018325512148306287,0.0008781068131742702,0.0011141402423900867,0.0024175750305705955,0.2265265310384893,0.43964568453163877,0.7723593287191206,0.5579367404377905
0.573,1000000.0,154805.57808560343,0.0018376441959661442,0.0008832248944170459,0.0011554777055391419,0.002499605650172388,0.2278017887932557,0.44108495833931877,0.7710427335012051,0.5564154360105087
0.575,1000000.0,154707.38084664423,0.0018427622772089198,0.0008883682699400796,0.0011982998334709547,0.0025843397184510345,0.22907999855212274,0.4425223605918046,0.7697217016144062,0.5548932996897445
0.577,1000000.0,154608.54912180032,0.0018479056527319535,0.0008935371373577976,0.001242657164163735,0.002671861425395992,0.2303611049060538,0.44395779635681776,0.7683962379297825,0.5533703422177861
0.579,1000000.0,154509.0788446312,0.0018530745201496715,0.0008987316978466231,0.0012886018219712175,0.002762257349712372,0.23164505141779737,0.4453911692635172,0.7670663467602313,0.5518465733867705
0.581,1000000.0,154408.96590756375,0.001858269080638497,0.0009039521562692723,0.0013361875613791135,0.002855616516243975,0.23293178060418523,0.4468223814655927,0.7657320318344356,0.5503220020181633
0.583,1000000.0,154308.20616116468,0.0018634895390611463,0.0009091987213028556,0.0013854698116984813,0.0029520304543100956,0.23422123391786104,0.4482513336034316,0.7643932962704405,0.5487966359422582
0.585,1000000.0,154206.79541339222,0.0018687361040947295,0.000914471605570872,0.001436505722703153,0.00305159325694689,0.23551335172842766,0.44967792476535196,0.7630501425488692,0.5472704819777011
0.587,1000000.0,154104.72942882558,0.001874008988362746,0.0009197710257791825,0.001489354211217614,0.003154401641042439,0.2368080733029984,0.4511020524479011,0.761702572485784,0.5457435459110566
0.589,1000000.0,154002.00392787208,0.0018793084085710564,0.0009250972028560473,0.0015440760086609655,0.0032605550083528384,0.23810533678613904,0.4525236125152176,0.7603505872052,0.5442158324764296
0.591,1000000.0,153898.61458595094,0.0018846345856479213,0.0009304503620963166,0.0016007337095517561,0.003370155507384742,0.23940507917918732,0.4539424991574573,0.7589941871112609,0.542687345335158
0.593,1000000.0,153794.55703265333,0.0018899877448881905,0.0009358307333098627,0.0016593918209775542,0.003483308096127829,0.24070723631893723,0.45535860484828194,0.7576333718600852,0.5411580870555903
0.595,1000000.0,153689.82685087755,0.0018953681161017367,0.0009412385509743414,0.0017201168130321846,0.003600120605618526,0.24201174285567442,0.4567718203014152,0.7562681403312934,0.5396280590929662
0.597,1000000.0,153584.41957593907,0.0019007759337662153,0.0009466740543923694,0.0017829771702224894,0.0037207038043141445,0.2433185322305508,0.45818203442627076,0.7548984905992266,0.5380972617694151
0.599,1000000.0,153478.3306946544,0.0019062114371842433,0.0009521374878532163,0.0018480434438453857,0.003845171463254208,0.2446275366522863,0.45958913428265324,0.7535244199038683,0.5365656942540927
0.601,1000000.0,153371.555644398,0.0019116748706450902,0.0009576291007990886,0.00191538830533478,0.003973640421983365,0.24593868707318475,0.46099300503454305,0.7521459246214806,0.5350333545434737
0.603,1000000.0,153264.08981213157,0.0019171664835909625,0.0009631491479961026,0.0019850866005766575,0.004106230655207674,0.24725191316445333,0.46239352990297455,0.75076300023497,0.5335002394418178
0.605,1000000.0,153155.9285334049,0.0019226865307879766,0.0009686978897100411,0.0020572154051893,0.004243065340153324,0.2485671432908146,0.4637905901180135,0.7493756413039961,0.5319663445418331
0.607,1000000.0,153047.06709132722,0.001928235272501915,0.0009742755918869741,0.0021318540807641548,0.004384270924594071,0.24988430448439983,0.46518406486984937,0.747983841434836,0.5304316642055565
0.609,1000000.0,152937.50071550865,0.001933812974678848,0.0009798825263388415,0.0022090843320613455,0.0045299771955107,0.25120332241791343,0.46657383125901675,0.7465875932500252,0.5288961915454726
0.611,1000000.0,152827.22458097027,0.0019394199091307155,0.0009855189709340848,0.0022889902651522204,0.004680317348342656,0.25252412137706004,0.4679597642457622,0.7451868883577878,0.5273599184058951
0.613,1000000.0,152716.23380702254,0.0019450563537259588,0.0009911852097934178,0.00237165844649958,0.004835428056788808,0.2538466242322246,0.4693417365985747,0.7437817173212757,0.5258228353446366
0.615,1000000.0,152604.52345611062,0.0019507225925852918,0.000996881533490829,0.002457177962964441,0.00499544954311086,0.25517075240939735,0.47071961884189983,0.7423720696276382,0.5242849316149892
0.617,1000000.0,152492.08853262605,0.001956418916282703,0.001002608239259897,0.0025456404827262475,0.005160525648889405,0.2564964258603361,0.4720932792030646,0.7409579336569375,0.5227461951480462
0.619,1000000.0,152378.9239816835,0.001962145622051771,0.0010083656312055186,0.0026371403171014302,0.005330803906178848,0.25782356303196013,0.47346258355843485,0.7395392966509385,0.5212066125353864
0.621,1000000.0,152265.02468786194,0.0019679030139973927,0.0010141540205211232,0.0027317744832430287,0.005506435609003675,0.2591520808349686,0.47482739537883806,0.7381161446817883,0.5196661690121583
0.623,1000000.0,152150.38547390877,0.0019736914033129972,0.0010199737257114727,0.0028296427677018832,0.005687575885134327,0.26048189461168025,0.47618757567427916,0.7366884626206178,0.5181248484405867
0.625,1000000.0,152035.0010994065,0.0019795111085033467,0.0010258250728211239,0.0029308477908274516,0.005874383768076939,0.26181291810308926,0.4775429829379873,0.7352562341060833,0.5165826332939359
0.627,1000000.0,151918.8662594002,0.001985362455612998,0.0010317083956686381,0.003035495071983845,0.0060670222692066865,0.2631450634151355,0.4788934730898304,0.7338194415128807,0.515039504640963
0.629,1000000.0,151801.97558298527,0.001991245778460512,0.001037624036086622,0.003143693095554008,0.006265658449970002,0.2644782409841873,0.4802388994191374,0.7323780659202588,0.5134954421308927
0.631,1000000.0,151684.32363185397,0.001997161418878496,0.0010435723441676805,0.0032555533777021807,0.006470463494076159,0.26581235954173704,0.48157911252697294,0.7309320870805608,0.5119504239789509
0.633,1000000.0,151565.90489879987,0.0020031097269595545,0.001049553678516358,0.00337119053386188,0.006681612779593892,0.2671473260783098,0.48291396026791383,0.7294814833878283,0.5104044269524921
0.635,1000000.0,151446.71380617894,0.002009091061308232,0.0010555684065071402,0.0034907223469135586,0.006899285950863573,0.2684830458065883,0.4842432876913781,0.728026231846498,0.5088574263577583
0.637,1000000.0,151326.74470432603,0.0020151057892990143,0.001061616904548601,0.003614269836012907,0.007123666990130173,0.26981942212375865,0.48556693698255915,0.7265663080402285,0.5073093960273107
0.639,1000000.0,151205.99186992567,0.002021154287340475,0.001067699558353753,0.0037419573260273563,0.007354944288796911,0.27115635657308035,0.48688474740303095,0.7251016861008923,0.5057603083081722
0.641,1000000.0,151084.44950433582,0.002027236941145627,0.001073816763216676,0.0038739125175348806,0.007593310718193693,0.272493748804692,0.488196555231081,0.7236323386777731,0.5042101340507256
0.643,1000000.0,150962.1117318635,0.00203335414600855,0.001079968924295487,0.004010266557335459,0.007838963699748737,0.27383149653565725,0.489502193701843,0.7221582369070074,0.5026588425984083
0.645,1000000.0,150838.97259799068,0.002039506307087361,0.0010861564569017075,0.004151154109421742,0.00809210527444574,0.27516949550926556,0.4908014929473017,0.7206793503813127,0.5011064017782528
0.647,1000000.0,150715.0260675495,0.0020456938396935815,0.0010923797867960958,0.0042967134263514435,0.008352942171442616,0.2765076394536,0.4920942799362428,0.7191956471200487,0.49955277789231445
0.649,1000000.0,150590.26602284526,0.00205191716958797,0.001098639350490981,0.004447086420959761,0.00862168587572175,0.27784582003938585,0.4933803784142372,0.7177070935396542,0.4979979357100412
0.651,1000000.0,150464.68626172558,0.002058176733282855,0.0011049355955591658,0.004602418738345848,0.008898552694634715,0.2791839268371407,0.49465960884373583,0.7162136544245135,0.49644183846162937
0.653,1000000.0,150338.28049559498,0.00206447297835104,0.001111268980949418,0.004762859828062676,0.009183763823198084,0.280521847273642,0.49593178834437945,0.7147152928982953,0.49488444783242247
0.655,1000000.0,150211.0423473727,0.002070806363741292,0.0011176399773086122,0.0049285630164350655,0.00947754540798968,0.28185946658773847,0.49719673063360914,0.7132119703958264,0.49332572395840096
0.657,1000000.0,150082.96534939294,0.0020771773601004863,0.0011240490673105354,0.0050996855789255885,0.009780128609487748,0.2831966677855278,0.4984542459676884,0.7117036466355465,0.49176562542282415
0.659,1000000.0,149954.04294124534,0.0020835864501024095,0.0011304967459913923,0.005276388812463087,0.010091749662688068,0.28453333159492916,0.4997041410832392,0.7101902795926078,0.4902041092540729
0.661,1000000.0,149824.26846755508,0.0020900341287832663,0.0011369835210920218,0.005458838107643147,0.01041264993582682,0.2858693364196815,0.5009462191394122,0.7086718254726754,0.488641130924761
0.663,1000000.0,149693.63517570024,0.002096520903883896,0.0011435099134068467,0.0056472030207044875,0.010743075987029095,0.28720455829280106,0.5021802796608043,0.7071482386864945,0.48707664435216674
0.665,1000000.0,149562.13621346513,0.0021030472961987207,0.0011500764571395535,0.00584165734517946,0.011083279618695537,0.28853887082953533,0.5034061184812555,0.7056194718252853,0.4855106019000492
0.667,1000000.0,149429.76462662828,0.0021096138399314276,0.0011566837002655005,0.006042379183111053,0.011433517929431512,0.28987214517985327,0.5046235276886543,0.7040854756370357,0.4839429543819143
0.669,1000000.0,149296.51335648296,0.0021162210830573745,0.0011633322049008441,0.00624955101572271,0.011794053363315267,0.2912042499805154,0.5058322955708916,0.7025461990037619,0.48237365106579316
0.671,1000000.0,149162.37523728894,0.002122869587692718,0.001170022547678365,0.006463359773421035,0.012165153756293389,0.29253505130677177,0.507032206563108,0.7010015889198072,0.4808026396805986
0.673,1000000.0,149027.34299365364,0.002129559930470239,0.001176755320129958,0.006683996905004966,0.012547092379483716,0.2938644126237377,0.5082230411963862,0.6994515904712573,0.47922986642413007
0.675,1000000.0,148891.40923784094,0.002136292702921832,0.0011835311290757534,0.0069116584459484685,0.012940147979157478,0.295192194737503,0.5094045760480481,0.6978961468165484,0.4776552759727944
0.677,1000000.0,148754.56646700602,0.0021430685118676274,0.0011903505970198122,0.007146545085616858,0.013344604813164148,0.29651825574603313,0.5105765836937232,0.69633519916835,0.47607881149311293
0.679,1000000.0,148616.8070603543,0.0021498879798116863,0.0011972143625523413,0.007388862233269975,0.013760752683553949,0.29784245098992607,0.5117388326613569,0.694768686776804,0.47450041465508913
0.681,1000000.0,148478.1232762228,0.0021567517453442153,0.0012041230807583428,0.0076388200826981644,0.014188886965144778,0.29916463300309165,0.5128910873873458,0.6931965469142102,0.4729200256475093
0.683,1000000.0,148338.50724908197,0.002163660463550217,0.0012110774236326308,0.007896633675329773,0.014629308629771442,0.3004846514634258,0.5140331081749788,0.6916187148612444,0.4713375831952499
0.685,1000000.0,148197.95098645642,0.002170614806424505,0.0012180780805011002,0.008162522961641232,0.015082324265947132,0.3018023531435564,0.5151646511553841,0.6900351238948025,0.4697530245786688
0.687,1000000.0,148056.446365762,0.0021776154632929742,0.0012251257584481407,0.008436712860693236,0.015548246093658428,0.30311758186174187,0.5162854682511823,0.6884457052775649,0.46816628565515933
0.689,1000000.0,147913.98513105823,0.002184663141240015,0.001232221182750075,0.008719433317608702,0.01602739197400682,0.3044301784330097,0.5173953071430529,0.6868503882493816,0.4665773008829403
0.691,1000000.0,147770.55888971334,0.002191758565541949,0.001239365097314472,0.009010919358800148,0.01652008541340172,0.3057399806206253,0.518493911239433,0.6852491000205746,0.46498600334716544
0.693,1000000.0,147626.15910898033,0.002198902480106346,0.001246558265125184,0.009311411144746188,0.01702665556200177,0.30704682308798975,0.5195810196495685,0.6836417657672642,0.46339232478842984
0.695,1000000.0,147480.77711248203,0.002206095647917058,0.001253801468692927,0.009621154020108576,0.017547437206093464,0.3083505373510665,0.520656367160152,0.6820283086288249,0.4617961956337546
0.697,1000000.0,147334.40407660304,0.002213338851484801,0.0012610955105112251,0.009940398560972999,0.018082770754088446,0.30965095173144697,0.5217196842157841,0.6804086497075801,0.46019754503012766
0.699,1000000.0,147187.03102678657,0.002220632893303099,0.0012684412135174996,0.010269400618988409,0.0186330022158135,0.3109478913101668,0.5227706969035013,0.6787827080708448,0.45859630088068537
0.701,1000000.0,147038.64883373407,0.0022279785963093737,0.0012758394215590819,0.010608421362171388,0.01919848317476027,0.31224117788239336,0.5238091269416268,0.6771504007554354,0.45699238988361296
0.703,1000000.0,146889.24820950543,0.002235376804350956,0.001283290999863903,0.010957727312133493,0.01977957075295488,0.31353062991310854,0.5248346916731985,0.675511642774758,0.45538573757384665
0.705,1000000.0,146738.819703518,0.002242828382655777,0.0012907968355155945,0.011317590377481103,0.020376627568101595,0.31481606249391886,0.5258471040642432,0.6738663471286,0.45377626836765533
0.707,1000000.0,146587.35369844185,0.0022503342183074686,0.001298357837932712,0.011688287883128937,0.02099002168264863,0.3160972873011295,0.5268460727071674,0.6722144248157416,0.45216390561018405
0.709,1000000.0,146434.84040598923,0.002257895220724586,0.0013059749393517736,0.012070102595259863,0.021620126544419093,0.3173741125552263,0.5278313018295443,0.670555784849514,0.4505485716260366
0.711,1000000.0,146281.26986259627,0.0022655123221436476,0.0013136490953137834,0.012463322741655482,0.022267320918445237,0.3186463429819156,0.5288024913085784,0.668890334276429,0.4489301877729764
0.713,1000000.0,146126.63192499432,0.0022731864781056575,0.0013213812851538853,0.012868242027113577,0.0229319888096401,0.3199137797748775,0.5297593366915397,0.6672179781980089,0.44730867449882017
0.715,1000000.0,145970.91626566908,0.0022809186679457593,0.0013291725124937692,0.013285159643660557,0.023614519375937424,0.3211762205603954,0.5307015292224612,0.665538619795944,0.44568395140160144
0.717,1000000.0,145814.11236820486,0.0022887098952856432,0.0013370238057364308,0.013714380275259118,0.024315306831527918,0.32243345936403056,0.5316287558753975,0.6638521603607104,0.4440559372930744
0.719,1000000.0,145656.20952251213,0.002296561188528305,0.0013449362185628485,0.014156214096703588,0.025034750339818477,0.32368528657951756,0.5325406993945515,0.6621584993237788,0.4424245502656301
0.721,1000000.0,145497.19681993563,0.0023044736013547226,0.0013529108304301358,0.014610976766388156,0.025773253895739805,0.3249314889400619,0.5334370383415701,0.66045753429355,0.4407897077626903
0.723,1000000.0,145337.06314824108,0.00231244821322201,0.0013609487470706782,0.015078989412625879,0.026531226197028444,0.32617184949222744,0.534317447150326,0.6587491610951467,0.4391513266526457
0.725,1000000.0,145175.797186478,0.002320486129862552,0.0013690511009917545,0.015560578613189826,0.02730908050411004,0.32740614757261,0.5351815961894908,0.6570332738142003,0.43750932330639924
0.727,1000000.0,145013.38739971627,0.0023285884837836285,0.0013772190519750985,0.016056076367741166,0.02810723448821364,0.3286341587874948,0.5360291518332182,0.655309764844764,0.4358636136785681
0.729,1000000.0,144849.82203365417,0.0023367564347669726,0.0013854537875758462,0.016565820062803386,0.028926110067349717,0.3298556549957079,0.5368597765402492,0.6535785249414887,0.43421411339240124
0.731,1000000.0,144685.08910909537,0.00234499117036772,0.0013937565236202638,0.01709015242893615,0.0297661332297903,0.3310704042948713,0.5376731289417536,0.6518394432761926,0.4325607378284561
0.733,1000000.0,144519.1764162928,0.002353293906412138,0.0014021285047016415,0.017629421489757872,0.030627733844695457,0.3322781710112829,0.5384688639382228,0.6500924074989592,0.4309034022170817
0.735,1000000.0,144352.07150915652,0.0023616658874935155,0.0014105710046736935,0.01818398050246168,0.031511345459538306,0.33347871569364335,0.5392466328057232,0.648337303803895,0.4292420217347386
0.737,1000000.0,144183.76169932366,0.0023701083874655676,0.0014190853271407785,0.018754187889466204,0.0324174050839904,0.3346717951108608,0.5400060833118193,0.646574016999673,0.42757651160419036
0.739,1000000.0,144014.23405008766,0.0023786227099326525,0.0014276728059442263,0.019340407160839908,0.03334635295994,0.3358571622541671,0.5407468598414727,0.644802430584993,0.4259067871985873
0.741,1000000.0,143843.47537018458,0.0023872101887361004,0.0014363348056440203,0.019943006827135863,0.03429863231732895,0.3370345663437858,0.5414686035332116,0.6430224268290784,0.42423276414945954
0.743,1000000.0,143671.47220743395,0.0023958721884358943,0.0014450727219950566,0.020562360302273194,0.03527468911550811,0.33820375284039456,0.5421709524258649,0.6412338868573323,0.42255435845862716
0.745,1000000.0,143498.2108422317,0.0024046101047869306,0.001453887982417169,0.02119884579610122,0.03627497176982818,0.33936446346163013,0.5428535416161463,0.6394366907422687,0.42087148661402574
0.747,1000000.0,143323.67728089273,0.002413425365209043,0.0014627820464580684,0.021852846196283894,0.03729993086320132,0.3405164362038869,0.54351600342736,0.6376307175998293,0.41918406570943867
0.749,1000000.0,143147.85724884074,0.0024223194292499425,0.0014717564062483274,0.022524748939144325,0.03835001884238902,0.3416594053696635,0.544157967589494,0.6358158456911921,0.4174920135681171
0.751,1000000.0,142970.73618364256,0.0024312937890402014,0.001480812586947496,0.023214945869112765,0.03942568969879532,0.3427931016007134,0.5447790614309502,0.6339919525301738,0.41579524887025426
0.753,1000000.0,142792.2992278849,0.00244034996973937,0.0014899521471804064,0.023923833086426476,0.04052739863356863,0.34391725191725814,0.5453789100821519,0.6321589149963153,0.41409369128427936
0.755,1000000.0,142612.53122189076,0.0024494895299722805,0.0014991766794626962,0.024651810782736202,0.04165560170684299,0.3450315797635232,0.5459571366912447,0.6303166094537405,0.4123872616019123
0.757,1000000.0,142431.41669627282,0.0024587140622545703,0.0015084878106145427,0.02539928306428169,0.04281075547097943,0.34613580505985636,0.5465133626520994,0.628464911875862,0.4106758818769213
0.759,1000000.0,142248.93986432182,0.0024680251934064167,0.001517887202161573,0.02616665776230834,0.043993316587699394,0.34722964426168684,0.5470472078447992,0.6266036979760049,0.4089594755675014
0.761,1000000.0,142065.08461422694,0.002477424584953447,0.0015273765507218848,0.026954346230407822,0.045203741429037374,0.34831281042558626,0.5475582908887753,0.6247328433440059,0.40723796768218734
0.763,1000000.0,141879.83450112585,0.002486913933513759,0.0015369575883780778,0.027762763128478543,0.04644248566207617,0.3493850132826862,0.5480462294087305,0.6228522235888353,0.40551128492919325
0.765,1000000.0,141693.1727389818,0.002496494971169952,0.0015466320830331798,0.028592326193016382,0.047710003817467594,0.35044595931970585,0.5485106403134663,0.6209617144872778,0.403779355869066
0.767,1000000.0,141505.08219228522,0.002506169465825054,0.0015564018387493011,0.02944345599346239,0.049006748841784006,0.3514953518678398,0.548951140087704,0.6190611921386977,0.40204211107051185
0.769,1000000.0,141315.54536757723,0.002515939221541175,0.001566268696067857,0.0303165756743531,0.050333171633789205,0.3525328911997511,0.5493673450969545,0.6171505331258957,0.40029948326925624
0.771,1000000.0,141124.54440479254,0.002525806078859731,0.0015762345323101393,0.031212110683039102,0.051689720564765236,0.353558274634905,0.5497588719054708,0.6152296146820558,0.39855140752976426
0.773,1000000.0,140932.061068419,0.0025357719151020133,0.0015863012618570192,0.0321304884827605,0.053076840983080416,0.35457119665347836,0.5501253376072732,0.6132983148637613,0.3967978214096463
0.775,1000000.0,140738.0767384711,0.002545838644648893,0.0015964708364065243,0.03307213825089254,0.05449497470323589,0.35557134901906307,0.550466360170215,0.6113565127300443,0.395038665126549
0.777,1000000.0,140542.57240127507,0.0025560082191983984,0.001606745245208039,0.03403749056220177,0.0559445594796816,0.3565584209103795,0.5507815587930011,0.6094040885274187,0.3932738817273173
0.779,1000000.0,140345.52864006237,0.002566282627999913,0.0016171265152718235,0.03502697705698222,0.05742602846575021,0.357532099062197,0.5510705542750536,0.6074409238808207,0.39150341725919624
0.781,1000000.0,140146.92562536924,0.0025766638980636975,0.0016276167115525644,0.03604103009397297,0.05893980965811499,0.3584920679156535,0.5513329693990641,0.6054669019903736,0.38972722094282103
0.783,1000000.0,139946.74310523932,0.0025871540943444384,0.0016382179371056383,0.037080082387992326,0.060486325327239056,0.35943800977814694,0.5515684293260307,0.6034819078338608,0.3879452453467304
0.785,1000000.0,139744.96039522646,0.0025977553198975123,0.001648932333214768,0.038144566632259916,0.06206599143434616,0.36036960499295767,0.5517765620025384,0.6014858283747825,0.3861574465631154
0.787,1000000.0,139541.5563681949,0.002608469716006642,0.0016597620794897411,0.03923491510541726,0.06367921703550743,0.3612865321187433,0.5519569985799916,0.5994785527758395,0.38436378438450114
0.789,1000000.0,139336.50944391394,0.002619299462281615,0.0016707093939328636,0.04035155926329778,0.065326403673505,0.3621884681190299,0.5521093738454544,0.5974599726176725,0.3825642224810407
0.791,1000000.0,139129.7975784437,0.0026302467767247376,0.0016817765329728072,0.04149492931554132,0.06700794475820117,0.3630750885618011,0.5522333266637192,0.5954299821226577,0.38075872857807985
0.793,1000000.0,138921.39825330922,0.0026413139157646813,0.0016929657914645266,0.04266545378719353,0.0687242249362104,0.36394606782926836,0.5523285004301519,0.5933884783835381,0.3789472746336377
0.795,1000000.0,138711.28846445953,0.0026525031742564006,0.0017042795026539297,0.043863559065478876,0.0704756194507415,0.36480107933787753,0.5523945435338316,0.5913353615966436,0.37712983701542696
0.797,1000000.0,138499.44471100823,0.0026638168854458038,0.001715720038105982,0.045089668931986085,0.0722624934925482,0.3656397957685869,0.5524311098304283,0.589270535299427,0.37530639667702353
0.799,1000000.0,138285.8429837523,0.002675257420897856,0.001727289807594956,0.046344204080557554,0.07408520154299725,0.36646188930742085,0.5524378591242258,0.5871939066120216,0.37347693933277687
0.801,1000000.0,138070.45875346553,0.00268682719038683,0.0017389912589555524,0.047627581621228765,0.0759440867103345,0.3672670318962782,0.5524144576586288,0.585105386482493,0.37164145563103684
0.803,1000000.0,137853.26695896263,0.0026985286417474264,0.0017508268778936424,0.04894021457061987,0.0778394800603001,0.3680548954939432,0.5523605786144405,0.583004889935437,0.3697999413252593
0.805,1000000.0,137634.24199493046,0.0027103642606855164,0.001762799187755413,0.05028251132924045,0.07977169994231574,0.3688251523472144,0.5522759026151483,0.5808923363235451,0.36795239744253605
0.807,1000000.0,137413.35769952202,0.002722336570547287,0.0017749107492537356,0.051654875146228116,0.08174105131253448,0.36957747527203805,0.5521601182383837,0.5787676495817339,0.36609883044908176
0.809,1000000.0,137190.58734170892,0.0027344481320456097,0.001787164160150604,0.05305770357210305,0.08374782505511441,0.3703115379444927,0.5520129225326859,0.5766307584834043,0.36423925241219973
0.811,1000000.0,136965.90360838806,0.002746701542942478,0.0017995620548945548,0.05449138790018364,0.08579229730314206,0.37102701520144155,0.551834021538621,0.5744815968983747,0.36237368115823676
0.813,1000000.0,136739.2785912374,0.002759099437686429,0.0018121071042120182,0.05595631259737201,0.08787472876069691,0.37172358335062755,0.5516231308132773,0.5723201040520003,0.3605021404260258
0.815,1000000.0,136510.68377331615,0.0027716444870038923,0.001824802014651611,0.057452854725082804,0.08999536402761023,0.3724009204899516,0.5513799759570811,0.5701462247849656,0.35862466001530874
0.817,1000000.0,136280.0900154038,0.002784339397443485,0.0018376495280804381,0.05898138335115442,0.09215443092853064,0.3730587068356331,0.5511042931418451,0.5679599098132125,0.3567412759296243
0.819,1000000.0,136047.46754207247,0.002797186910872312,0.0018506524211315497,0.06054225895364716,0.09435213984796345,0.37369662505891277,0.5507958296388956,0.56576111598744,0.3548520305131411
0.821,1000000.0,135812.78592748646,0.0028101898039234238,0.0018638135046017711,0.06213583281749836,0.09658868307300286,0.3743143606309164,0.5504543443460856,0.5635498065515854,0.3529569725809115
0.823,1000000.0,135576.01408092285,0.002823350887393645,0.001877135622799187,0.06376244642507012,0.09886423414552373,0.3749116021752559,0.5500796083124535,0.561325951399674,0.3510561575420227
0.825,1000000.0,135337.12023200598,0.002836673005591061,0.0018906216528396754,0.06542243084169017,0.10117894722564039,0.37548804182790463,0.5496714052592384,0.5590895273304052,0.34914964751512134
0.827,1000000.0,135096.07191564896,0.0028501590356315495,0.0019042745038919595,0.06711610609734962,0.10353295646827815,0.3760433756038362,0.5492295320959338,0.5568405182988142,0.3472375114357881
0.829,1000000.0,134852.8359566941,0.0028638118866838335,0.0019180971163707378,0.06884378056578426,0.10592637541473376,0.3765773037698801,0.5487537994300155,0.5545789156643357,0.3453198251552509
0.831,1000000.0,134607.37845424406,0.002877634499162612,0.001932092461077584,0.07060575034222648,0.10835929640112534,0.37708953122319844,0.5482440320689527,0.5523047184345751,0.34339667152992204
0.833,1000000.0,134359.66476567512,0.002891629843869458,0.0019462635382893811,0.07240229862117352,0.11083178998565105,0.3775797678747517,0.5477000695130837,0.5500179335040748,0.3414681405012653
0.835,1000000.0,134109.65949032264,0.002905800921081255,0.0019606133767942047,0.07423369507557367,0.11334390439658619,0.3780477290370746,0.5471217664379092,0.5477185758873517,0.3395343291655046
0.837,1000000.0,133857.32645282877,0.0029201507595860788,0.001975145032874656,0.07610019523888488,0.11589566500295233,0.3784931358156452,0.5465089931643448,0.5454066689454699,0.337595341832703
0.839,1000000.0,133602.62868614157,0.00293468241566653,0.0019898615892387987,0.07800203989151035,0.11848707380978667,0.37891571550308967,0.5458616361154571,0.5430822446054001,0.3356512900747563
0.841,1000000.0,133345.5284141536,0.0029493989720306727,0.002004766153898964,0.07993945445316078,0.12111810897992861,0.3793152019754259,0.5451795982582033,0.5407453435714134,0.33370229276186814
0.843,1000000.0,133085.98703396783,0.002964303536690838,0.002019861858998833,0.0819126483827353,0.12378872438421797,0.37969133608951344,0.5444627995286874,0.5383960155277512,0.33174847608709485
0.845,1000000.0,132823.96509777685,0.002979399241790707,0.0020351518595893374,0.08392181458734933,0.12649884918196966,0.38004386608083784,0.54371117723946,0.5360343193318129,0.3297899735785705
0.847,1000000.0,132559.42229434167,0.0029946892423812115,0.002050639332354067,0.08596712884216962,0.12924838743355174,0.3803725479607298,0.5429246864673911,0.5336603231971007,0.3278269260990572
0.849,1000000.0,132292.31743005413,0.003010176715145941,0.00206632747428501,0.08804874922274343,0.1320372177468442,0.38067714591208296,0.5421033004206683,0.5312741048651737,0.3258594818324873
0.851,1000000.0,132022.60840956657,0.003025864857076884,0.002082219501309611,0.09016681555152889,0.13486519295929988,0.38095743268260973,0.5412470107834967,0.5288757517658613,0.3238877962572034
0.853,1000000.0,131750.25221597095,0.0030417568841014852,0.0020983186468702705,0.09232144886034781,0.13773213985726115,0.38121318997464515,0.5403558280371062,0.526465361165007,0.32191203210563263
0.855,1000000.0,131475.20489050832,0.0030578560296621446,0.002114628160457569,0.09451275087048978,0.14063785893411157,0.3814442088304897,0.5394297817557135,0.5240430402990205,0.31993235931017483
0.857,1000000.0,131197.42151178845,0.003074165543249443,0.00213115130609865,0.09674080349219774,0.14358212418875607,0.38165029001225986,0.5384689208761299,0.5216089064955424,0.3179489549351141
0.859,1000000.0,130916.8561744975,0.003090688688890524,0.0021478913608023523,0.09900566834525762,0.14656468296582828,0.38183124437520144,0.5374733139397567,0.519163087279541,0.31596200309441497
0.861,1000000.0,130633.46196757049,0.0031074287435942263,0.0021648516129628326,0.10130738630240152,0.14958525583892246,0.38198689323340707,0.5364430493057772,0.5167057204641914,0.3139716948553003
0.863,1000000.0,130347.19095180335,0.0031243889957547066,0.0021820353607235744,0.10364597705721185,0.15264353653803478,0.38211706871687395,0.5353782353344085,0.5142369542259142,0.31197822812755666
0.865,1000000.0,130057.99413687785,0.0031415727435154485,0.002199445910303834,0.10602143871818423,0.1557391919222794,0.38222161411883154,0.5342790005391623,0.5117569471629841,0.3099818075385583
0.867,1000000.0,129765.82145777065,0.003158983293095708,0.0022170865742897248,0.10843374743056977,0.15887186199881698,0.38230038423227114,0.533145493707135,0.5092658683371591,0.30798264429404804
0.869,1000000.0,129470.62175051562,0.003176623957081599,0.0022349606698922764,0.11088285702757085,0.16204115998879892,0.38235324567461554,0.5319778839864374,0.5067638972978136,0.3059809560247636
0.871,1000000.0,129172.34272728676,0.0031944980526841505,0.0022530715171749753,0.11336869871241186,0.1652466724409885,0.382380077199475,0.5307763609399654,0.5042512240881132,0.30397696661904616
0.873,1000000.0,128870.93095076634,0.0032126088999668494,0.0022714224372534027,0.11589118077274337,0.16848795939357156,0.3823807699944522,0.52954113456481,0.5017280492328045,0.3019709060416185
0.875,1000000.0,128566.33180776096,0.0032309598200452767,0.0022900167504697516,0.11845018832876847,0.17176455458451761,0.3823552279639785,0.528272435276711,0.4991945837072531,0.2999630101387715
0.877,1000000.0,128258.48948202512,0.0032495541332616257,0.002308857774545103,0.12104558311640254,0.175075965710692,0.38230336799618697,0.526970513859062,0.4966510488874105,0.29795352043024587
0.879,1000000.0,127947.34692624968,0.003268395157336977,0.0023279488227124947,0.12367720330669153,0.17842167473575904,0.38222512021286054,0.5256356413760915,0.49409767648044783,0.2959426838881496
0.881,1000000.0,127632.84583316912,0.003287486205504369,0.0023472932018339192,0.1263448633626208,0.18180113824674873,0.38212042820152414,0.5242681090499541,0.4915347084358551,0.29393075270329716
0.883,1000000.0,127314.92660573903,0.0033068305846257933,0.0023668942105044832,0.1290483539343461,0.18521378785899414,0.3819892492287923,0.5228682281015952,0.4889623968368616,0.29191798403941077
0.885,1000000.0,126993.52832633135,0.0033264315932963573,0.0023867551371470953,0.13178744179377172,0.18865903066897435,0.38183155443412675,0.5214363295553611,0.48638100377210153,0.28990463977566466
0.887,1000000.0,126668.58872489171,0.0033462925199389693,0.0024068792581011084,0.1345618698092857,0.1921362497544301,0.3816473290032068,0.519972764007463,0.48379080118750756,0.2878909862381069
0.889,1000000.0,126340.04414599962,0.0033664166408929825,0.002427269835708438,0.13737135696134453,0.1956448047209492,0.3814365723201698,0.518477901358519,0.48119207071848563,0.2858772939205319
0.891,1000000.0,126007.82951476767,0.003386807218500312,0.002447930116400768,0.14021559839947303,0.19918403229404913,0.38119929809803643,0.5169521305105267,0.4785851035024906,0.2838638371954242
0.893,1000000.0,125671.8783015124,0.003407467499192642,0.0024688633287914736,0.14309426554111598,0.20275324695562194,0.3809355344866954,0.5153958590287483,0.4759701999721886,0.2818508940156297
0.895,1000000.0,125332.1224851245,0.0034284007115833477,0.0024900726817759975,0.14600700621264454,0.2063517416234395,0.3806453241578919,0.513809512769108,0.47334766962946356,0.2798387456074526
0.897,1000000.0,124988.49251506121,0.0034496100645678715,0.0025115613626444156,0.14895344483268172,0.20997878837226366,0.38032872436672815,0.5121935354718281,0.4707178308005902,0.2778276761559082
0.899,1000000.0,124640.91727187892,0.0034710987454362897,0.002533332535209967,0.15193318263777233,0.2136336391949494,0.3799858069892608,0.5105483883221533,0.4680810103729668,0.2758179724828972
0.901,1000000.0,124289.32402621818,0.0034928699180018412,0.0025553893379573534,0.15494579795027902,0.21731552680178468,0.3796166585358529,0.508874549479125,0.46543754351386807,0.27380992371909035
0.903,1000000.0,123933.63839614765,0.0035149267207492275,0.0025777348822145995,0.15799084648824294,0.2210236654561689,0.3792213801400157,0.507172513573486,0.4627877733717414,0.27180382097034506
0.905,1000000.0,123573.78430276715,0.0035372722650064735,0.002600372250352272,0.1610678617168029,0.22475725184460263,0.37880008752255717,0.5054427911759066,0.4601320507606399,0.2697999569794907
0.907,1000000.0,123209.68392396331,0.003559909633144146,0.0026233044940138293,0.1641763552406232,0.22851546597883574,0.37835291093093365,0.5036859082368211,0.4574707338284431,0.2677986257843431
0.909,1000000.0,122841.25764620435,0.0035828418768057034,0.0026465346323808407,0.16731581723663694,0.2322974721279083,0.3778799950537825,0.5019024054992737,0.45480418770958053,0.265800122372818
0.911,1000000.0,122468.42401425232,0.0036060720151727147,0.002670065650476781,0.17048571692627035,0.23610241977771593,0.37738149891070166,0.5000928378862554,0.45213278416302793,0.26380474233602863
0.913,1000000.0,122091.09967866358,0.003629603033268655,0.0026939004975130355,0.17368550308617617,0.23992944461563614,0.37685759571741934,0.49825777386410874,0.4494569011964044,0.2618127815202552
0.915,1000000.0,121709.19934093894,0.0036534378803049095,0.0027180420852806974,0.17691460459636824,0.2437776695376727,0.3763084727265854,0.49639779478364915,0.44677692267704644,0.25982453567867814
0.917,1000000.0,121322.63569617567,0.0036775794680725714,0.00274249328659165,0.18017243102451908,0.24764620567550402,0.3757343310444966,0.49451349420072943,0.44409323793098426,0.25784030012376646
0.919,1000000.0,120931.3193730633,0.003702030669383524,0.0027672569337723516,0.18345837324505762,0.25153415344076274,0.37513538542415026,0.4926054771780334,0.4414062413307921,0.2558603693812038
0.921,1000000.0,120535.15887105433,0.0037267943165642256,0.0027923358172136205,0.18677180409158278,0.2554406035838303,0.37451186403509995,0.49067435956994065,0.4387163318733172,0.25388503684622915
0.923,1000000.0,120134.06049452885,0.0037518732000054946,0.0028177326839796315,0.19011207904099717,0.2593646382643939,0.37386400821066657,0.48872076729235436,0.43602391274833635,0.2519145944432518
0.925,1000000.0,119727.92828375983,0.0037772700667715055,0.002843450236479196,0.19347853692765726,0.26330533213099655,0.37319207217313244,0.4867453355794159,0.43332939089921035,0.24994933228958752
0.927,1000000.0,119316.6639424716,0.00380298761927107,0.002869491131202288,0.1968705006857394,0.2672617534067994,0.37249632273762,0.48474870822906424,0.4306331765766406,0.24798953836413629
0.929,1000000.0,118900.16676176972,0.003829028513994162,0.002895857977524632,0.2002872781179298,0.27123296497878263,0.37177703899542436,0.4827315368394148,0.42793568288664585,0.24603549818180276
0.931,1000000.0,118478.33354020401,0.003855395360316506,0.002922553336583034,0.2037281626884652,0.2752180254876269,0.37103451197763654,0.48069448003794374,0.4252373253338984,0.24408749447442946
0.933,1000000.0,118051.05849970932,0.003882090719374908,0.002949579720223978,0.20719243433847967,0.2792159904155488,0.3702690442999553,0.4786382027054675,0.42253852136156517,0.24214580687898365
0.935,1000000.0,117618.23319715007,0.003909117103015852,0.002976939590027873,0.21067936032154827,0.2832259131694011,0.3694809497896429,0.4765633751968952,0.41983968988880876,0.2402107116337038
0.937,1000000.0,117179.74643117363,0.003936476972819747,0.003004635356411172,0.21418819605726758,0.2872468461564058,0.3686705530956328,0.4744706725607188,0.4171412508470997,0.2382824812828753
0.939,1000000.0,116735.48414405611,0.003964172739203046,0.00303266937780841,0.21771818600066783,0.2912778418499482,0.3678381892828434,0.47236077375918506,0.4144436247164887,0.2363613843908668
0.941,1000000.0,116285.32931819957,0.003992206760600284,0.003061043959936075,0.22126856452522092,0.29531795384293524,0.36698420341180077,0.47023436089104925,0.41174723206297836,0.23444768526601548
0.943,1000000.0,115829.16186691355,0.004020581342727949,0.0030897613551400254,0.22483855681718348,0.2993662378863071,0.36610895010470157,0.4680921184187836,0.4090524930781149,0.23254164369490923
0.945,1000000.0,115366.85851908554,0.004049298737931899,0.003118823761828039,0.22842737977900504,0.30342175291038076,0.3652127930990878,0.4659347324020539,0.40635982712190716,0.23064351468756536
0.947,1000000.0,114898.29269731329,0.004078361144619913,0.0031482333239888885,0.23203424293952588,0.30748356202680943,0.36429610479032565,0.4637628897392291,0.40366965227014845,0.2287535482339615
0.949,1000000.0,114423.33438903831,0.0041077707067807626,0.0031779921307991898,0.23565834936870036,0.3115507335090499,0.3633592657641057,0.4615772774186231,0.40098238486719395,0.22687198907232697
0.951,1000000.0,113941.85001018227,0.004137529513591064,0.0032081022163191098,0.23929889659459772,0.3156223417493442,0.36240266432019275,0.4593785817811018,0.3982984390852095,0.22499907646955405
0.953,1000000.0,113453.70226074732,0.004167639599110984,0.0032385655592778767,0.24295507752045978,0.3196974681903498,0.3614266959886671,0.45716748779561184,0.3956182264908732,0.22313504401403852
0.955,1000000.0,112958.74997179663,0.004198102942069751,0.003269384082949855,0.24662608133963365,0.32377520222967443,0.3604317630399,0.45494467834911195,0.39294215562046647,0.22128011942121364
0.957,1000000.0,112456.84794318206,0.004228921465741729,0.0033005596551218546,0.25031109444624156,0.32785464209571036,0.35941827398950554,0.45271083355230135,0.3902706315642529,0.21943452435198846
0.959,1000000.0,111947.84677133216,0.004260097037913729,0.003332094088152176,0.25400930133950594,0.3319348956932934,0.3583866430995048,0.4504666300624514,0.38760405556098937,0.21759847424425516
0.961,1000000.0,111431.59266635368,0.00429163147094405,0.0033639891391217696,0.25771988551970887,0.33601508141785813,0.3573372898769235,0.448212740424561,0.3849428246033676,0.2157721781575811
0.963,1000000.0,110907.9272576347,0.004323526521913644,0.003396246510077808,0.2614420303738378,0.3400943289368937,0.3562706385710309,0.44594983243195285,0.38228733105513146,0.21395583863115336
0.965,1000000.0,110376.68738706439,0.004355783892869682,0.0034288678483698058,0.26517492004904303,0.3441717799376576,0.35518711767040007,0.4436785685073435,0.3796379622805568,0.21214965155499893
0.967,1000000.0,109837.704888905,0.00438840523116168,0.003461854747078411,0.2689177403121211,0.3482465888402367,0.35408715940094904,0.44139960510530896,0.37699510028692984,0.2103538060544544
0.969,1000000.0,109290.8063552623,0.004421392129870285,0.003495208745536845,0.27266967939332143,0.3523179234751986,0.3529711992260839,0.43911359213698126,0.3743591213805947,0.2085684843878201
0.971,1000000.0,108735.8128860028,0.004454746128328719,0.0035289313299449424,0.2764299288128761,0.35638496572521006,0.35183967535003685,0.43682117241770324,0.371730395837087,0.20679386185708679
0.973,1000000.0,108172.53982185661,0.004488468712736816,0.0035630239340757115,0.28019768418874574,0.3604469121301451,0.35069302822544707,0.43452298113827104,0.3691092875858073,0.20503010673158376
0.975,1000000.0,107600.7964593236,0.004522561316867586,0.00359748794007426,0.2839721460241823,0.3645029744553415,0.34953170006619183,0.43221964536029805,0.36649615390962575,0.20327738018436028
0.977,1000000.0,107020.3857458647,0.004557025322866134,0.00363232467934899,0.28775252047381605,0.368552380222799,0.34835613436643015,0.4299117835361305,0.3638913451597537,0.2015358362410704
0.979,1000000.0,106431.10395370987,0.004591862062140864,0.0036675354335549202,0.2915380200870822,0.37259437320524735,0.3471667754267698,0.4276000050536508,0.36129520448614794,0.1998056217411018
0.981,1000000.0,105832.7403304449,0.004627072816346794,0.003703121435669065,0.2953278645279182,0.37662821388313844,0.34596406788841916,0.42528490980620925,0.35870806758366264,0.1980868763106524
0.983,1000000.0,105225.07672435082,0.004662658818460939,0.003739083871157857,0.29912128126977505,0.3806531798647409,0.3447484562761299,0.4229670877878305,0.3561302624540951,0.19637973234742861
0.985,1000000.0,104607.88718225747,0.004698621253949731,0.0037754238792366665,0.30291750626510044,0.38466856626963714,0.34352038455068223,0.42064711871375066,0.3535621091842173,0.19468431501661235
0.987,1000000.0,103980.93751743504,0.0047349612620285406,0.0038121425542216197,0.3067157845885698,0.38867368607603464,0.3422802956716059,0.418325571666252,0.3510039197398244,0.19300074225771333
0.989,1000000.0,103343.98484477933,0.004771679937013494,0.0038492409469740216,0.31051537105345567,0.3926678704324157,0.34102863117077026,0.4160030047656785,0.348455997775774,0.19132912480190578
0.991,1000000.0,102696.77708024449,0.004808778329765896,0.0038867200664379083,0.31431553080064206,0.39665046893415157,0.33976583073742,0.4136799648664307,0.3459186384619379,0.18966956619941777
0.993,1000000.0,102039.05240113537,0.004846257449229782,0.0039245808812714425,0.3181155398599056,0.4006208498658078,0.3384923318151684,0.41135698727766234,0.34339212832492605,0.1880221628565296
0.995,1000000.0,101370.53866348535,0.004884118264063316,0.00396282432157312,0.32191468568319914,0.404578400409961,0.3372085692114021,0.40903459550832316,0.34087674510539867,0.18638700408171563
0.997,1000000.0,100690.95277230644,0.0049223617043649935,0.004001451280704083,0.3257122676497865,0.40852252682343226,0.3359149747194875,0.40671330103612047,0.33837275763072594,0.18476417214044724
0.999,1000000.0,100000.0,0.0049609886634959565,0.0040404626172081265,0.3295075975431871,0.41245265458193187,0.3346119767541082,0.4043936030999049,0.3358804257027047,0.1831537423181631
